col1;col2
8.1009387e-002;3.1290014e-001
1.0316718e+000;1.4797701e-001
2.1226282e-001;-7.3926241e-001
-6.3823655e-001;-3.4132453e-001
-7.9791753e-001;-2.2520863e-002
-2.9391548e-001;-5.9340611e-001
1.2899047e+000;9.7653915e-001
-6.7952295e-001;-5.6091883e-001
2.2270278e-002;-5.1046144e-001
-1.9284353e-001;-6.3319568e-001
1.3811282e-001;-2.1730855e-001
2.8655188e-001;3.4895876e-001
-9.3342842e-002;3.2661514e-001
7.6135435e-001;5.8683155e-001
-4.3899627e-002;-5.0076663e-002
3.6445220e-001;4.1561373e-002
5.4131972e-002;-3.4361446e-001
-1.2402075e+000;-9.4979898e-001
-8.1307485e-001;-6.3577071e-001
-6.3525953e-001;-7.9879331e-001
-1.1359140e+000;-1.3977741e+000
-5.0131862e-001;-2.6692670e-001
4.0489401e-001;2.7621121e-001
3.3566145e-001;6.8741820e-002
-1.2288888e+000;-7.8185992e-001
3.9783703e-001;4.4630886e-001
4.1275647e-001;3.7276699e-001
7.2944632e-001;3.5918310e-001
1.9858955e-001;3.8807626e-001
4.8102237e-001;6.9227204e-001
3.7068276e-001;5.5934093e-001
3.9385015e-001;9.1279218e-002
-6.8778707e-002;-1.6592737e-001
1.6189824e-001;3.8021063e-001
2.2330571e+000;1.0746913e+000
6.6567510e-001;7.4791782e-001
-1.1298519e-002;1.5125582e-001
-1.4208950e-001;4.7051293e-002
3.8183699e-001;5.8233117e-001
-4.6147962e-001;5.2483684e-001
8.3066174e-001;9.6635464e-001
2.2115650e-001;1.6828089e-001
9.7293602e-002;6.0652740e-001
-6.8760398e-002;2.4061169e-001
-1.2640392e+000;-1.0392391e+000
-4.3899627e-002;-5.0076663e-002
1.6980678e+000;7.8838303e-001
2.3684259e-001;2.2494861e-001
-1.0992664e-001;-6.4913335e-003
7.9762686e-001;6.3389825e-001
1.1288027e+000;7.0230096e-001
-3.9167027e-001;-2.6507965e-001
-5.0135462e-001;2.5226975e-002
-5.3693038e-001;-2.3736481e-001
-1.2575173e+000;-7.4632580e-001
1.0052937e+000;3.6566133e-001
1.3584601e+000;7.6124753e-001
-1.6226161e-001;4.4168204e-001
-1.0296244e-001;-4.2616155e-001
2.1769180e-001;4.6216074e-002
-1.8902688e+000;-1.5064654e+000
3.5016294e-001;-1.0651742e-001
1.6215838e-002;8.5342594e-003
1.7793820e-001;5.1867883e-002
-1.5910983e+000;-4.7154155e-001
-4.6934786e-001;-8.5666486e-001
-1.3955000e-001;-1.0715554e-001
6.5064622e-001;2.8096598e-001
5.3371579e-001;7.1088071e-001
2.4857299e-002;3.6393977e-001
5.9832156e-001;-1.0416990e-001
3.8219680e-001;-1.1069585e-001
-4.3899627e-002;1.1147175e+000
-1.1636068e+000;-1.7729916e+000
8.4612004e-001;2.4131658e-001
2.7024072e-001;1.9932436e-001
-8.4529032e-001;-2.0398121e-001
1.3930567e+000;5.8352802e-001
1.2138933e+000;6.5234387e-001
3.0568056e-001;2.2140414e-001
6.1028768e-001;1.9724767e-001
-4.3899627e-002;-1.1463535e+000
-6.4843817e-001;-8.4117557e-001
3.6242676e-001;-6.2461578e-001
-1.1414831e+000;-6.8502723e-001
-1.9683211e+000;-2.4148415e+000
5.6771468e-001;-5.1896842e-001
2.4379366e-001;6.0081921e-001
-3.9046356e-001;-5.4566606e-002
-8.0962857e-001;-6.8970408e-001
6.0329840e-001;-7.7799579e-001
-4.6090037e-001;-3.0987034e-001
-2.4856990e-001;-5.8316721e-001
-1.2465804e+000;-1.6736091e+000
-1.9804241e+000;-2.7512511e+000
-3.4217090e+000;-4.3124956e+000
-2.5396129e-001;4.5857651e-001
8.4711065e-001;1.3453350e+000
8.3054304e-001;1.2293208e+000
-1.5904559e+000;-1.2559231e+000
1.0616584e+000;1.6073058e-002
-7.4999876e-003;4.4587490e-001
-2.5704775e-002;2.2250254e-001
-2.5060294e+000;-2.3064768e+000
-1.4197512e+000;-2.2568617e+000
3.9524362e-001;-1.3031618e+000
-2.0392514e+000;-2.3696777e+000
-1.7402603e+000;-1.3330291e+000
-3.0872110e+000;-4.0285079e+000
1.9297149e+000;1.9044904e+000
3.0166593e+000;3.6746392e+000
7.9318604e-002;-4.6797595e-001
6.2616177e-001;5.0149672e-001
-1.5411261e+000;-8.6537718e-001
7.6414213e-001;6.1581165e-001
-4.3899627e-002;-5.0076663e-002
-8.1391928e-002;7.0518989e-002
5.2234120e-001;1.5146507e-001
-1.2658453e+000;-1.0116983e+000
8.4800139e-001;3.7144248e-001
-1.9518443e-001;3.0420327e-001
-1.5789637e-001;-6.3860730e-001
4.5702156e-001;1.6839910e-001
-1.6974138e+000;-1.1446018e+000
-7.6512759e-001;-5.1903569e-001
8.1600734e-002;-1.3290568e-001
1.1022679e-001;-5.5924273e-001
-5.8438457e-001;-1.9257087e-001
-1.5853742e+000;-2.0199547e+000
-2.8004978e-001;-6.5006745e-001
-2.4365895e+000;-2.8749730e+000
1.2787563e+000;6.9114946e-001
-1.0946039e+000;-1.3979781e+000
-1.3608443e+000;-2.6080125e+000
9.8070790e-001;9.1828441e-001
2.5067990e+000;2.8507503e+000
-4.6771684e-001;4.3934826e-001
-6.7819186e-001;-1.4458950e+000
1.0535528e+000;-4.9494009e-001
-2.9014687e-001;-7.7578799e-001
4.7731560e-001;1.7422250e-001
-3.1922892e+000;-2.6780926e+000
-1.5941649e+000;-1.7932346e+000
-1.8381996e+000;-2.3724092e+000
1.3384096e+000;5.5008436e-001
7.1716055e-001;5.5257316e-001
-1.5088433e+000;-8.0426598e-002
2.3623844e-001;-8.6078483e-001
2.6352674e+000;2.1442881e+000
2.6939702e+000;9.4190335e-001
-2.3052241e-001;1.0582945e+000
-9.2371752e-001;-5.8871609e-002
3.6264078e-001;-8.2331418e-002
-8.4817308e-001;-4.1439720e-001
-1.9958751e+000;-1.6463129e+000
-2.8802572e-001;-1.1205060e+000
6.8669798e-001;-3.4373596e-001
-2.7619347e-001;-4.7044844e-002
4.7148754e-001;1.8007304e-001
1.4070539e+000;1.7039598e+000
4.1233350e-001;1.2228101e+000
-7.2842868e-001;-1.1759564e-001
-1.8433798e+000;-1.1514712e+000
7.8115022e-002;-1.7783044e-001
1.7726955e+000;1.5952016e+000
2.0134531e+000;2.6930613e+000
-2.3894476e-001;3.5030437e-001
9.0801186e-001;1.0771086e+000
-6.1592305e-001;-7.2768318e-001
1.6021011e-001;-1.0737490e+000
5.4684298e-001;4.8433434e-001
-1.4239465e+000;-1.3168192e+000
3.1747335e-001;8.7644645e-002
-4.3899627e-002;-5.0076663e-002
-5.2272358e-001;2.7308302e-002
1.9046977e-001;-1.0165999e-001
3.7603568e-001;1.4266684e+000
-3.8570222e-001;2.3478765e-001
-6.9052610e-001;1.4406811e-001
1.5652843e+000;5.8319154e-001
1.8789360e-001;8.7023067e-001
5.0417474e-001;7.2187247e-001
1.1391357e+000;1.7867347e+000
-3.4776260e-001;3.3207569e-001
-5.2073478e-001;-2.5173571e-001
2.1367347e-001;-6.8918940e-002
-4.5447957e-001;-9.9131099e-001
1.3438756e+000;6.0809665e-001
-3.4638389e-001;2.4106005e-001
-8.3266294e-001;-7.7137975e-001
-6.3178073e-002;-8.9685866e-001
1.2365629e+000;1.1593580e+000
-4.3899627e-002;2.3317526e-001
5.9597205e-002;2.4043355e-001
1.1570156e-001;3.4933949e-001
-5.1469470e-001;-4.2263636e-001
-4.3899627e-002;-5.0076663e-002
5.5818533e-001;-2.8596693e-002
-4.8550548e-001;-4.3472873e-001
9.7687389e-002;1.9970217e-002
1.2482932e-001;6.2898385e-001
-4.3899627e-002;-5.0076663e-002
-9.2181080e-001;-4.9241885e-001
-1.4759787e+000;-1.3154714e+000
-3.3341652e-001;-1.2357105e-001
-1.7456971e+000;-1.9745876e+000
-5.7488136e-001;-3.9488541e-001
-1.6151046e+000;-4.8276629e-001
1.1016012e+000;1.1926934e+000
6.5694685e-002;2.1736625e-002
-7.4915908e-001;-1.8413855e+000
2.2466916e-001;3.8467614e-001
6.8897401e-001;2.1368617e+000
4.4225550e+000;1.7437056e+000
8.3878830e-001;1.3334924e+000
-7.0955788e-001;6.6620387e-001
-1.0377080e+000;-2.2668762e-001
5.6273382e-001;1.2292026e+000
8.6828658e-001;1.8642277e+000
5.7317208e-001;7.0093564e-001
-2.3058060e-001;5.8702920e-001
2.6303600e-001;9.0552434e-001
1.8342296e+000;1.9076199e+000
8.1122991e-001;1.3282831e+000
-2.5241976e-001;7.8898150e-001
1.4673103e+000;1.6378173e+000
5.3516994e-001;1.6769208e+000
1.4709034e+000;1.5656750e+000
-7.6355928e-001;-1.0177708e+000
6.6728192e-001;3.6056385e-001
2.4512934e+000;1.6073571e+000
-9.9457651e-001;-7.7101256e-002
1.1456191e+000;8.4459829e-001
-1.1471875e+000;-8.7045155e-001
1.9321106e+000;9.3535157e-001
-4.3899627e-002;-5.0076663e-002
-1.2844259e-001;3.0808752e-001
-1.1812421e+000;-1.0095414e+000
-2.9187674e-001;3.0604650e-002
-1.2969497e-001;5.2401491e-001
-9.5135166e-002;4.2545865e-001
-8.5329408e-001;-8.0219414e-001
8.0842369e-001;6.4216787e-001
-2.8440015e-001;4.4335813e-001
9.1327678e-001;7.5891454e-001
1.0033117e-001;9.0868256e-001
1.9410057e+000;2.5020326e+000
-1.8335363e-002;1.0834339e-001
-3.7742080e-001;3.5854282e-001
-3.2031746e-001;-1.8258970e-001
-5.8474777e-001;-1.7396718e+000
-6.1505875e-001;-1.2885826e+000
1.0681076e+000;1.4086725e+000
-1.4411225e-001;-1.3341267e-001
-1.7812511e-001;-3.7124857e-001
-6.5902656e-001;-5.4365932e-002
-2.1957517e+000;-7.9490294e-001
1.0314231e-001;6.5613792e-001
-6.2286240e-001;-3.7026948e-001
7.7198390e-002;-1.4698111e-001
1.9785735e-001;8.8062143e-001
1.6521294e+000;2.0786967e+000
4.9371807e-002;7.4081971e-001
-1.7148391e-001;-6.4589398e-002
-4.3899627e-002;-5.0076663e-002
-1.1717727e+000;-3.4909263e-001
2.1490262e+000;2.0774443e+000
-6.6790111e-001;7.3066241e-001
-1.2046460e-001;4.5968135e-001
-9.9627469e-001;-4.1046644e-001
7.0515724e-001;-7.8318413e-002
-1.6082067e+000;-6.9575601e-001
-7.5238283e-004;-3.9587958e-001
1.0267099e+000;1.6771169e+000
4.8337133e-001;4.1149490e-001
3.7906111e-001;-2.0569388e-001
1.7703209e+000;1.1230330e+000
5.4294907e-001;8.4379501e-001
-2.1712560e-001;-9.6960531e-001
-1.1725215e+000;-1.1276712e+000
-1.3294406e+000;-1.4181585e+000
5.7834296e-002;2.9319852e-001
5.9621466e-001;4.2653128e-001
-1.0141724e+000;-5.3676413e-001
-3.4080972e-001;-3.3069502e-001
-1.2668480e+000;-1.4548515e+000
3.3425398e-001;-6.7118390e-001
1.4109015e+000;5.9358103e-001
2.4304070e-001;6.2001103e-001
-3.5732862e-002;1.4723227e-001
5.0650163e-002;-1.7614675e-001
-8.6860153e-001;-4.3972837e-002
4.1503169e-001;1.5317131e-001
1.3203910e+000;1.0202947e+000
-1.7753036e+000;-9.3585064e-001
1.0187649e-001;5.3230177e-002
-1.3365760e+000;-1.0961624e+000
-7.9074259e-001;-2.2655634e+000
9.4996553e-001;7.1879726e-001
-2.9854285e-001;-1.3106094e-001
1.4921811e-001;-3.1633301e-001
4.3417244e-001;6.7629366e-001
1.0258226e-001;7.1005430e-001
-3.9843791e-001;4.2285362e-001
4.3288638e-001;5.7500809e-001
-4.3899627e-002;-5.0076663e-002
1.4872673e+000;8.5916746e-001
3.1842083e-001;3.2735046e-001
9.8926847e-001;7.7607746e-001
8.5392556e-001;5.2854380e-001
2.1472519e-001;1.4534192e-001
-2.8733154e-001;-2.0501073e-002
-7.9307606e-001;-4.5503549e-001
-3.9388715e-001;-4.9842784e-001
-6.5077402e-001;-9.2878184e-001
-8.8925450e-002;-5.9111319e-001
3.0904271e-001;1.0509179e-001
-8.4889397e-001;-1.1779957e+000
6.2054391e-002;-3.1750270e-002
1.1422441e+000;7.4691805e-001
-2.6210119e-001;-2.0168526e-001
-2.8333419e-001;-6.0388116e-001
-1.0973735e+000;-1.3254919e+000
-9.6696509e-002;5.7002956e-002
3.4870160e-001;-6.2426154e-002
-1.8314537e+000;-2.2540054e+000
-1.4350226e-001;-4.5702271e-001
5.5703001e-002;-9.6569616e-002
7.0576701e-001;6.1566548e-001
-1.0073187e+000;-1.1729226e-001
1.7156766e+000;1.0761014e+000
4.3897807e-001;-5.7711181e-001
-1.3311121e+000;-9.8597690e-001
-4.3899627e-002;-5.0076663e-002
-1.1957483e-001;-1.0701647e-001
9.5704860e-001;1.0951181e+000
-5.4346067e-001;8.0753125e-001
-1.2740297e-001;6.7715432e-001
4.6351106e-001;1.9594105e-001
6.6445883e-001;8.3466837e-001
2.8567163e-001;6.5373856e-001
-2.6885503e-001;-5.7342119e-001
-2.1630594e-001;-8.6550089e-002
1.2091443e+000;6.3260256e-001
-4.3899627e-002;1.0077568e-001
-1.5469194e-001;-5.6592604e-001
-1.0365364e+000;-1.1347477e+000
-6.1470928e-001;-5.0654424e-001
4.2227032e-001;5.3497154e-001
-2.9925037e-001;4.4027499e-001
3.8377998e-001;8.3792165e-002
9.9184034e-001;9.4224708e-001
2.3750440e-001;7.0369324e-001
-2.8088852e-001;3.6932784e-001
-4.2239116e-001;2.5096731e-001
-6.1835119e-001;-6.5705278e-001
1.2273265e+000;4.6391024e-001
-6.5703753e-002;3.9627330e-001
-4.6638324e-001;3.2952747e-001
-6.3158264e-001;-2.6232004e-001
1.2750402e-001;2.8184614e-001
2.0168873e-001;8.0896806e-001
-1.5497195e-001;5.8553512e-001
-2.7508587e-001;-4.3910314e-001
-1.0636086e+000;-6.7256199e-001
-2.4299414e+000;-2.9866015e+000
4.9432444e-001;8.3220256e-001
2.9349563e+000;3.0716843e+000
1.4248255e-001;1.3613304e-002
1.0434774e+000;4.8102064e-001
-7.3506741e-002;1.1317759e-002
-4.8641762e-001;2.0863683e-002
9.1973660e-001;8.1630790e-001
-2.2735947e-001;-3.1077537e-002
-2.4215218e-001;-1.8504869e-001
-4.3899627e-002;-5.0076663e-002
-8.9983250e-001;-9.6161471e-001
-3.4790772e-001;-6.2572586e-001
-4.3899627e-002;-2.4140880e-001
5.9752801e-002;-4.8142184e-002
-1.9210245e-001;1.6827880e-001
-8.6531159e-001;-1.3693750e+000
1.0820287e-001;6.2826206e-001
6.4768752e-001;1.1797992e+000
-7.8236596e-001;-9.0185087e-001
9.3929415e-001;-2.4961373e-001
-1.1025223e-001;-1.4902414e-001
1.1129649e-001;6.0387451e-001
1.7191303e-001;7.4130681e-001
-2.1598253e-001;8.1099585e-001
-3.3247140e-001;-5.2541695e-001
5.7137689e-001;2.8859713e-001
-3.1034166e-001;2.0602000e-001
-1.6976413e-001;-2.1693931e-001
-4.1512759e-001;-5.1801611e-001
3.1241284e-001;4.0647564e-001
8.1292519e-003;2.5881413e-001
-2.3690699e-001;-4.6341008e-001
-9.6831911e-001;-1.1620059e+000
-8.1880530e-001;-7.1212016e-002
-6.8747660e-001;-8.6042260e-001
6.6785679e-001;1.5312627e-001
-6.3407548e-001;-7.1735359e-001
9.7521145e-001;3.6361657e-001
1.9636088e-001;5.5089714e-001
1.1527938e+000;1.2153632e+000
6.7479912e-001;1.5446428e+000
6.2264935e-001;1.2205790e+000
-3.2911321e-001;-9.1713680e-001
7.4368841e-001;4.3914927e-001
-5.9004992e-001;-4.1071877e-001
-7.1863638e-001;-1.6560231e-002
-7.0618836e-003;-4.1750814e-001
-8.5615522e-001;-1.2569490e+000
-4.2322520e-001;-7.3706460e-001
1.3021207e+000;7.6165613e-001
4.9052128e-001;9.0864938e-001
2.7694999e-001;1.2159395e+000
-1.3118354e-001;2.5611190e-001
-4.5856025e-001;-4.2833730e-001
-3.9722561e-001;-6.8618871e-001
-5.1519188e-001;1.9520367e-001
1.9202414e-001;7.2338264e-002
4.7016944e-001;1.0192945e+000
-3.2260021e-001;4.6210709e-001
-1.5296809e-001;4.2863265e-001
3.4386942e-001;8.4834676e-001
3.2149489e-001;3.8064728e-002
-1.0263870e-001;-2.8949857e-001
-4.0499625e+000;-4.3872539e+000
9.5342097e-001;5.9531685e-001
-1.4361278e+000;-2.1782991e+000
-9.8492231e-002;4.5488349e-001
4.8208111e-002;7.4693641e-001
-1.0721158e+000;-7.8248657e-001
-6.4572174e-002;-7.3241297e-001
4.3734980e-001;-1.7446550e-001
-5.9753664e-001;5.5185497e-002
-4.3899627e-002;-5.0076663e-002
-2.2682545e-001;1.6393343e-001
1.3523255e+000;1.2790922e+000
-2.4168315e-001;4.0658375e-001
-6.5677882e-001;3.1300884e-001
-8.2310644e-001;-2.8387240e-001
-1.3739803e-001;3.7409222e-001
-5.5448583e-001;-2.2737340e-001
-3.1937709e-001;-2.5950474e-001
1.1954595e-002;-5.3606559e-001
9.8727000e-001;7.8160685e-001
6.2053177e-001;8.4502486e-001
1.1723866e-001;4.7176146e-001
-6.2108198e-001;-7.9401371e-001
1.5574246e-001;-2.4139690e-002
1.7250235e-001;-1.0385710e+000
6.4341180e-001;1.7976769e-001
2.9141311e+000;1.4578340e+000
8.9130213e-001;9.8517850e-001
-4.3899627e-002;-5.0076663e-002
9.9947469e-001;1.7067277e+000
5.5437203e-001;1.0894811e+000
1.9480582e+000;2.4014630e+000
1.1085272e-001;1.0802083e+000
-4.3899627e-002;-5.0076663e-002
7.0273999e-002;-3.1317977e-002
8.6857501e-001;1.0015826e+000
-8.6701227e-002;8.3187437e-001
1.0317369e-001;6.8147744e-001
-7.3234567e-002;1.2743586e+000
1.3073478e-001;1.4912669e+000
-3.5596104e-001;-7.1377801e-001
-4.7928895e-001;2.6289741e-001
1.8405431e+000;1.2560591e+000
3.3428890e-001;7.5688634e-001
-3.1740512e-001;-6.0326686e-001
4.2888546e-001;-1.2821475e-001
-3.8137502e-001;-1.2489066e+000
-9.8873020e-001;-2.4206185e+000
9.5623218e-001;2.5301326e+000
-9.4170743e-001;3.0053566e-001
1.4496954e-001;2.4169776e-001
1.9708668e-001;-6.4092033e-001
9.2344865e-001;-3.3886912e-003
-1.4938027e+000;-8.5486446e-001
5.7125865e-001;7.6758674e-001
-7.0868262e-001;-2.3693540e-001
2.8749828e-001;4.6775924e-001
1.1456209e+000;1.1568607e+000
-5.0941560e-001;8.9159295e-001
-1.0531337e-001;5.9758281e-002
-9.7586132e-001;-4.7754191e-001
5.6501965e-001;-1.7930415e-001
1.5620203e-001;-1.6999778e-001
7.2811573e-001;1.7570742e+000
-9.6672368e-001;-9.5661081e-001
-6.5462305e-002;-4.6872678e-001
-4.3899627e-002;-5.0076663e-002
-7.0225427e-001;-1.6370093e+000
1.2960932e-001;-6.9068359e-001
1.5012324e+000;1.5153446e+000
-5.6093262e-002;-4.4311034e-001
2.3146973e-002;-8.1840384e-001
-7.9617375e-001;-6.1654131e-001
7.3578970e-001;1.7046342e+000
-4.6509424e-001;1.9472150e-001
-9.8969077e-002;-1.2582109e-001
1.8749386e-001;2.6514733e-001
4.1394413e-001;-2.4224507e-001
-7.0559836e-001;-6.7639342e-001
-8.7645693e-001;-1.3788938e+000
-6.5970513e-001;-1.0226835e+000
-2.4586654e-001;-7.1184500e-002
4.4942292e-001;1.1829129e+000
-7.3959782e-001;-1.0689473e+000
-4.3899627e-002;-2.4795842e-001
8.0333952e-001;3.8733392e-001
-2.8449169e-002;-1.6005921e-001
5.5988509e-001;8.0876797e-001
-9.6124564e-002;2.1750668e-001
1.7403560e-001;1.1300595e-001
4.1497113e-001;-3.1882523e-001
-1.7400498e-001;-4.4330088e-001
-3.8493046e-001;-5.5793339e-001
-9.2976372e-002;7.9147364e-002
2.1042479e-001;-7.1087202e-001
-1.1578944e+000;-1.8090375e+000
7.3623737e-002;-4.8099037e-001
-3.7718011e-002;2.3188465e-001
3.8171167e-001;-3.2871616e-001
-5.1279027e-001;-1.4331459e+000
4.1883565e-001;-6.9375239e-001
7.6534980e-001;1.0086873e+000
-1.9517721e+000;-2.5427773e+000
-1.0509449e+000;-1.4229137e+000
1.3172602e+000;2.2026319e+000
8.9432095e-001;-4.7877441e-001
4.0052512e-001;6.1693935e-001
1.0570847e+000;1.0759243e+000
1.3885788e+000;8.2368605e-001
3.3406014e-001;-1.4294783e+000
-4.3899627e-002;-5.0076663e-002
-9.4502168e-001;-2.5497577e+000
1.6569384e-001;-4.2326000e-001
-1.7858784e-001;5.0139532e-001
2.4918908e-001;-4.2780175e-001
-7.6620574e-001;-6.0015029e-001
-6.4428459e-001;-1.0941015e+000
5.5911345e-002;-1.2228349e+000
7.1802603e-001;1.6504430e+000
7.3012812e-001;1.4717789e+000
-7.3096172e-001;-1.4343605e-001
1.2071965e+000;8.7961807e-001
-5.9900309e-001;7.2322206e-001
2.5333041e-001;1.6904473e-001
-2.2213161e-001;-4.2406139e-001
1.3433236e-001;-2.8879724e-001
7.8956168e-001;1.8353444e-001
-4.1248483e-001;-5.9145397e-001
1.5972736e-001;-3.2100983e-001
-7.2724326e-001;-1.0717969e+000
-5.1399868e-001;-4.0284749e-001
6.3672894e-001;3.1483651e-001
6.0564502e-001;2.1322270e-001
-1.6757820e-001;3.3668418e-001
-4.8982137e-001;-2.5535710e-001
1.9555064e-001;1.5692703e-001
-4.3899627e-002;-5.0076663e-002
-7.1343257e-001;-8.5461407e-001
1.4319117e-001;2.4480646e-001
7.8046350e-001;4.9231394e-001
-8.8047789e-002;7.7682803e-001
4.3480204e-001;4.7136137e-001
-5.4615495e-001;8.7497134e-002
2.7654280e-001;7.7137948e-002
-2.5839425e-001;-3.3356254e-001
-7.3318314e-002;-5.2719306e-001
1.1485856e-001;-6.4109999e-001
-1.0536513e+000;-1.4707493e+000
-8.3936345e-001;-7.6542108e-001
2.0405784e-001;-4.0703464e-001
4.2591379e-002;2.7352545e-001
-2.8994942e-002;-1.3966588e-001
-8.0388174e-001;-9.2204180e-001
-1.3042491e+000;-1.9887220e+000
-4.6146222e-001;-7.8846229e-001
3.0063917e-001;8.6168183e-001
-1.8401113e-001;-8.5991505e-001
1.0351666e-001;6.0807691e-001
1.0998539e-001;-4.0671882e-001
-2.4771128e-001;-6.3029455e-001
-9.2632571e-002;-1.1576770e-001
1.0920804e+000;1.9307587e+000
-8.6078466e-002;8.0523860e-001
1.0231608e+000;9.0173126e-001
-7.5600843e-001;-1.0462521e+000
-4.3899627e-002;-5.0076663e-002
2.2298710e-001;-8.2033486e-002
-1.3703389e+000;-1.0781248e+000
-1.0218318e-001;-2.1376597e-002
8.8759359e-001;1.2294333e+000
1.5025010e-001;4.8853221e-001
1.5826425e-001;3.7522406e-001
5.8635770e-001;8.2121736e-001
-4.3173985e-001;-4.8859928e-003
4.3917869e-001;7.4960256e-002
-9.4033783e-001;-1.0407536e+000
-9.0605189e-001;-1.1480882e+000
1.1945462e-001;7.1786102e-001
-9.7922379e-001;-8.8892627e-001
3.3371213e-001;1.9081902e-001
-1.7468420e-001;1.5360842e-002
-1.5047860e-001;-2.0578206e-001
1.5249852e+000;1.1643421e+000
1.2997221e+000;9.6984307e-001
3.3122450e-001;1.7651019e-001
1.2100492e-002;3.0003537e-001
3.2340568e-003;2.1299315e-001
-3.7134804e-001;-2.2882001e-001
-6.1284062e-001;-8.1852086e-001
-7.7462450e-001;-5.4534655e-001
-2.9626834e-001;-9.8867352e-002
1.1862451e-001;-1.5470837e-001
-2.3884023e-001;-3.1913355e-001
-3.5358583e-001;-1.8137346e-001
-2.7000424e-001;-2.5554839e-002
4.2582512e-001;3.3273405e-001
-1.6413169e-001;-1.7402378e-001
9.4354783e-002;-3.2995860e-001
-7.2015617e-001;-6.2277164e-001
-1.0923578e-001;-6.0420339e-003
-1.5929472e+000;-7.8534810e-001
-8.4300296e-001;-1.5352392e+000
7.9931731e-002;-2.6096165e-001
4.0678797e-001;7.7291409e-001
1.9727783e-001;7.4666929e-001
3.5351038e-001;1.3951658e-003
-3.5654356e-001;-1.2818225e-001
2.2895184e-001;3.9112788e-001
6.8879824e-001;9.4213808e-001
1.3221356e-002;5.8336145e-001
-3.5725076e-001;-3.0087797e-001
-4.3899627e-002;-5.0076663e-002
-6.9502917e-001;-4.4671883e-001
2.8678040e-001;5.9910629e-001
9.8278595e-001;1.0484268e+000
-2.7562872e-002;2.5398198e-001
2.0663569e+000;1.8527687e+000
-1.5028649e+000;-1.1244735e+000
-2.8703450e-001;-3.8575323e-001
-1.5000491e-001;2.7879533e-001
2.9812721e-001;1.7083528e-001
-2.3102644e-001;-1.4178084e-001
-1.2538984e+000;-1.0026437e+000
-1.1097689e-001;-5.6937962e-002
2.3569815e-001;4.5809885e-001
-1.1934677e+000;-1.5512268e+000
7.5162319e-001;-3.7284231e-001
-3.3306117e-001;3.4542760e-001
1.0598187e-001;9.2332213e-001
-5.7407969e-001;-9.0063276e-001
-1.7105507e+000;-1.2153478e+000
-7.2137310e-001;-1.1795352e+000
-6.9067940e-002;8.9026977e-001
-8.6343392e-001;-2.8697083e-001
7.0638912e-001;7.6876824e-001
-1.2922129e+000;-6.3728562e-001
1.1540231e+000;5.3016195e-001
8.0305798e-001;4.0198795e-001
-2.2836403e-001;-8.8249239e-002
-6.9694267e-001;3.6902237e-001
-5.3349785e-002;6.3367196e-001
3.9929524e-001;1.3238710e+000
-1.2233716e-001;2.9301163e-001
-9.3795343e-003;6.9792027e-001
3.8816116e-001;-5.5100653e-002
1.6519774e-001;-1.8262325e-002
1.0882137e+000;2.1576310e-001
-3.0378354e-001;-3.7620481e-001
4.4013887e-001;6.9095181e-001
-2.0087828e-001;6.8385031e-001
-6.6189127e-001;-1.5742686e-001
1.0626848e+000;3.4572180e-001
-3.4168793e-001;-5.4341595e-001
-9.5379141e-001;1.0528243e-001
5.9814722e-001;1.3536853e+000
-1.6111485e-001;3.9512677e-001
-1.6742821e-002;7.9424616e-001
-5.1959171e-001;8.6366858e-001
4.1389449e-001;1.0840312e+000
-5.9331488e-002;-1.3673929e-001
-2.5400970e-001;3.8876544e-001
-8.9190198e-001;-5.4568409e-001
-4.3146067e-001;-1.1507317e+000
3.9667790e-001;1.1845558e+000
2.1552541e-002;5.3573521e-001
5.1103075e-001;5.7590591e-001
-1.7784483e-001;-6.6666398e-001
7.4909065e-001;1.0849280e+000
4.9639332e-001;3.1924391e-001
-4.3899627e-002;-5.0076663e-002
4.4170872e-001;1.2868469e-001
6.5319581e-001;4.4753613e-001
-3.6998226e-001;1.3665618e-001
-2.9129135e-001;-2.0923682e-001
-3.4133568e-001;4.7693579e-001
3.2714927e-001;7.4509582e-001
5.2189762e-001;6.9232395e-001
4.0379567e-001;3.8402329e-002
4.8516492e-003;-5.3090461e-001
-3.9350818e-001;-8.0451196e-001
-2.8874959e-001;-5.2774582e-001
-4.0470835e-001;-2.1184455e-001
-2.8110437e-001;-6.5981597e-001
-9.3692654e-001;-2.2233405e-001
3.8648280e-001;1.3000039e+000
1.2942097e+000;3.7879310e-001
-6.7444025e-002;1.2669392e-001
2.1538658e-001;-2.9491923e-001
-2.7119095e-001;2.7021368e-001
3.3683749e-001;3.8940510e-001
-4.3899627e-002;-5.0076663e-002
1.6812966e-001;5.4734720e-003
-7.1878667e-001;3.6332656e-001
2.6551235e-001;3.7353270e-001
-6.4732448e-001;7.0615470e-001
-4.3899627e-002;-5.0076663e-002
2.0117110e-001;-8.1375044e-001
-8.4703062e-002;3.2729909e-001
-1.2585904e-001;1.0574491e+000
-1.1451988e+000;-5.8534844e-001
-5.7421773e-001;-1.9763243e-001
2.9626913e-001;7.1338127e-001
1.4010198e-002;-4.8478333e-001
-7.6986849e-002;1.0244312e+000
8.8383625e-002;1.2403758e+000
5.5198103e-002;1.5812961e-001
7.1895761e-002;9.0396956e-002
-6.2330072e-001;-2.3933217e-001
-4.7603725e-001;4.0294510e-002
2.9697988e-001;4.2624754e-001
7.2539679e-002;7.3995485e-002
1.0368849e+000;7.0387234e-001
1.6092054e-001;-2.0376003e-002
-2.7332643e-001;-1.3681889e+000
4.0656524e-001;-5.1396800e-001
7.0363990e-002;1.9003675e-001
6.2304954e-001;7.2669016e-001
-1.4929159e-001;4.2615194e-001
1.3024920e+000;4.5212062e-001
1.2211142e+000;-2.4680196e-002
6.9674946e-001;-1.1665349e+000
-1.7762680e-001;-4.1308459e-001
-7.1405969e-001;-9.4606655e-001
-1.0717779e-001;3.5504777e-001
2.5660783e-001;7.3584291e-002
-9.3193091e-001;-8.2040981e-001
-4.3899627e-002;-5.0076663e-002
-2.5191376e+000;-3.7601332e+000
3.7650679e-002;-9.4982760e-001
-3.4627136e-001;4.0684912e-001
5.5963130e-001;1.2487776e-001
5.8054259e-001;-1.7506868e+000
-6.3553744e-001;-2.0654001e-001
9.5105302e-001;1.6335519e+000
2.1318063e-001;6.4340426e-001
1.2445083e-001;5.0305517e-001
-5.0180992e-001;-2.3809713e-001
1.2918337e+000;1.1687355e+000
5.9266343e-002;8.5036054e-001
-1.9471658e-001;-5.0736102e-001
1.2277957e-001;4.3895886e-002
1.8426853e+000;8.0627812e-001
3.3892913e-002;2.0134224e-001
1.3508138e-001;5.1584106e-001
-6.5930038e-001;1.5321793e-001
-8.9156666e-001;-2.6636155e-001
3.8083206e-001;3.0007031e-001
-2.8214173e-002;-1.2684883e-002
-5.1582864e-001;-1.2172278e+000
1.0848952e+000;-4.8621917e-002
1.2735057e-001;-7.3468591e-001
-2.7749541e-001;-9.4757706e-001
-9.0684334e-002;-2.8386337e-001
-5.2108100e-001;-1.5086221e-001
4.1768198e-001;9.3121307e-001
-6.6233581e-001;2.7718651e-002
3.9467467e-001;-1.6458890e-001
1.8886366e-002;7.5314051e-001
-6.8693081e-001;5.1372262e-001
8.2072272e-002;-5.5706149e-001
-2.0594592e+000;-2.5257097e+000
2.0439680e-001;7.8227943e-002
-9.1851605e-002;-1.0344649e+000
5.3030644e-001;6.6109346e-001
-5.9797176e-002;-4.3203952e-001
-4.3899627e-002;-5.0076663e-002
8.8246573e-001;9.6378099e-001
4.2000463e-001;5.5346710e-002
2.9292791e-001;-3.3753403e-002
-3.6086641e-002;-5.8866425e-001
6.1050899e-001;-5.7958205e-001
-3.7850026e-001;-6.1406850e-001
-7.2402867e-001;-2.1007670e-001
-1.6158208e-001;2.6213843e-001
-3.4294143e-001;-1.2992300e-001
-4.9399932e-001;-8.2168543e-001
-4.9603438e-001;-1.9730359e+000
4.7148827e-001;9.7427783e-001
-1.1506223e-001;8.1055062e-001
2.9593535e-001;-6.0241339e-003
2.7021637e-002;3.9996842e-001
5.0629008e-001;7.4653631e-001
-5.1734059e-002;1.6527313e+000
4.0505820e-002;6.9914457e-001
-2.5286792e-001;-5.2246073e-001
-1.8083637e-001;1.5558196e-001
1.3312321e-001;1.5223088e-001
6.9307968e-001;-1.4934484e-002
3.4625719e-001;-2.5084610e-001
-1.0343410e+000;-9.4153859e-001
-1.8843600e-001;5.7910714e-002
1.5688559e-001;1.8472589e-001
-2.0461167e-001;3.6501438e-001
1.5585723e+000;1.3574626e+000
6.1818378e-001;9.5867917e-001
-9.1190743e-001;-5.0131762e-001
3.8320666e-001;7.5195599e-003
2.0807896e-001;2.9283388e-004
6.2297829e-001;1.2436024e+000
3.6963220e-001;2.0911783e-002
-8.1766779e-001;-6.2796486e-001
-4.3899627e-002;-5.0076663e-002
6.5979845e-001;4.8380463e-001
-1.2657499e-002;1.7401466e-001
-2.8564709e-001;9.1195023e-004
-3.6283277e-002;-6.4799214e-001
-4.1155593e-001;-1.1097879e+000
-6.5702129e-001;-1.0440444e+000
-4.3124157e-003;1.6779151e-001
-6.2102887e-001;-2.2287982e-001
3.3599258e-001;6.9418555e-001
2.3189581e-001;4.1336688e-001
-6.9156862e-001;8.3376271e-002
5.1723782e-001;-2.0650721e-001
2.4727686e-001;-9.4610815e-002
-8.1692084e-001;-9.6669983e-001
4.1430669e-001;-1.7341434e-001
-4.2316196e-001;-3.3651607e-001
-9.2611386e-001;-3.3879919e-001
6.4026470e-001;5.2218138e-001
-3.5878428e-002;8.3028579e-001
1.0758812e+000;1.0975848e+000
-3.6592911e-001;-3.0080690e-001
-1.2264953e-001;3.5988249e-001
-2.0158572e-001;-1.0122974e-001
-8.0364199e-001;7.7757000e-002
-4.3899627e-002;-5.0076663e-002
-1.0257503e+000;-3.7281582e-001
6.9943289e-001;-5.3972440e-001
1.0648242e+000;5.0932544e-001
1.4485798e-001;3.9010239e-001
5.0345736e-002;2.1310372e-001
-2.9788353e-001;6.2906528e-002
7.2431153e-001;5.1573951e-001
1.9237379e-001;-5.8484482e-001
-6.8352030e-001;-1.3224416e+000
1.5401736e-001;-6.0899354e-001
2.2445984e-001;8.1847995e-001
2.5524794e-001;-3.0970961e-001
-8.9637251e-001;-7.0356136e-001
5.6470298e-001;6.2625995e-001
5.4532625e-001;5.6212075e-001
-1.0670489e-001;-5.5379872e-001
-3.8131115e-001;6.0256786e-001
3.4846866e-001;1.8349719e-001
-8.3046433e-001;-4.0986571e-001
5.6226014e-001;3.6908054e-001
-3.6036954e-002;1.4051118e-001
-3.0313175e-001;6.2184040e-001
-1.3064773e-001;1.8920309e-001
2.7849073e-001;3.0986178e-001
3.9469081e-001;7.0037449e-003
-1.3762153e-001;-2.4651438e-001
2.5291114e-001;1.8532408e-001
-4.4264520e-001;-2.7989938e-001
-2.8210584e-002;1.0876632e-001
2.2187940e-001;1.1442772e+000
1.7462845e-001;5.1512136e-001
4.5333159e-001;4.7112738e-001
1.5756947e-001;-6.4380943e-001
4.8800456e-002;1.5611975e-002
-3.0700447e-001;-6.3758238e-002
8.6653518e-001;5.3382677e-001
3.1626837e-001;-2.5160179e-001
-1.5101896e-001;-3.5996395e-001
-2.5106658e-001;3.1567921e-001
4.8349529e-002;3.9982046e-001
1.5513433e-001;6.8765486e-001
-2.1247711e-001;3.9452074e-001
-5.6651056e-001;2.8441656e-001
1.7180204e-001;9.1411387e-002
-4.3899627e-002;-5.0076663e-002
-7.8495781e-001;-1.4415810e+000
-5.4890137e-001;-1.2228154e+000
-2.8297308e-002;9.0059923e-001
8.4750733e-001;8.4060546e-001
3.0285589e-001;-5.8758562e-001
-5.5286835e-001;-1.0928843e+000
4.4965878e-001;8.8866776e-001
-1.2098684e-001;-1.6278035e-002
-5.2981326e-001;-8.1822233e-003
-1.0857713e+000;-3.6566071e-002
-1.1281162e+000;-9.5253025e-001
2.3220560e-001;1.5698628e+000
-2.4907074e-001;8.4724542e-001
5.0977308e-002;2.6712901e-001
6.4772617e-001;6.4978094e-001
-9.0999878e-002;4.3692557e-001
-3.6048044e-002;-1.1426194e-001
-3.5788221e-001;-1.0119236e-001
6.8449940e-001;8.9006713e-003
-1.3748982e-001;1.6064675e-001
2.2127774e-001;-3.8666046e-001
2.8255744e-001;2.7735448e-001
-4.7159936e-001;-3.4865080e-001
-1.2930243e-002;1.8309696e-001
1.9766691e-001;3.9120036e-001
-5.1691972e-002;5.7455608e-001
2.3568790e-001;7.8915401e-001
4.6656403e-001;7.7325736e-001
1.7950683e-001;2.0551372e-001
3.0208341e-001;-6.2447980e-001
-2.3599519e-001;-1.8804728e+000
2.2476635e-001;-1.0993509e-001
-2.8946164e-001;3.4355047e-001
3.1681924e-001;1.3256942e-001
6.2004652e-001;-4.3129131e-001
-7.4391997e-002;-6.0895931e-001
-2.5733408e-001;7.8513706e-001
5.8717862e-001;1.5828775e-001
-2.4122749e-001;6.9312431e-001
2.8214634e-001;5.2700919e-001
9.2225694e-002;1.9077523e-001
-1.0159829e+000;-1.6810532e+000
-1.0564171e+000;-2.1008475e+000
4.6377783e-001;7.0243965e-001
7.8711764e-002;3.7236983e-001
-2.5877436e-001;4.2256508e-001
5.9907142e-001;8.1131749e-001
-7.4475741e-002;2.6879624e-001
5.5716875e-001;-6.4393657e-003
-2.3379296e-001;-9.3552295e-001
8.5617940e-001;-1.4851334e-001
-2.1705938e-001;-1.2664797e+000
-5.5840137e-001;-1.1076457e+000
1.9108053e-001;-4.1929151e-001
-6.8918055e-001;-1.8531852e+000
6.2848091e-002;1.1203465e+000
3.2041633e-001;7.9792842e-001
-4.3899627e-002;-5.0076663e-002
-1.4238665e-001;1.7405393e-001
-2.1097950e-001;-4.9218810e-001
1.2318025e-001;3.2842744e-001
3.1187765e-001;1.1908825e+000
9.2061222e-002;3.3148848e-001
9.0291446e-003;6.6339984e-001
1.2172674e-001;-1.9651519e-001
1.8950726e-001;-2.7598624e-001
3.7604300e-001;-2.4002754e-001
-1.7117196e-001;-8.8702201e-001
2.4764928e-001;-1.4861631e-001
5.8927193e-001;-1.8424661e-001
-6.2468788e-001;-1.1419423e+000
-7.3322008e-001;1.4933315e-001
2.0384807e-001;2.8933367e-001
6.3625775e-001;4.3845054e-001
5.3079378e-002;7.1025380e-002
-3.1215358e-001;-6.4647105e-001
4.1005688e-001;8.1359465e-003
-1.6278404e-001;2.9717112e-001
-4.3899627e-002;-5.0076663e-002
8.8874207e-001;2.6049894e-001
-2.1755612e-002;4.0875399e-001
-2.9139674e-002;4.6132663e-001
-5.3133753e-001;2.8768250e-001
-6.2265521e-001;6.8900208e-001
2.2938442e-002;-8.3066426e-001
6.8019345e-001;4.0557576e-001
3.4962721e-001;4.3564576e-001
8.9210998e-002;2.5278665e-001
3.9913783e-001;2.7358755e-001
1.1202658e+000;4.2774386e-001
-4.3789585e-001;-1.9891177e-001
-8.7541999e-002;1.2163650e-001
-2.0512581e-001;6.9312687e-002
5.9867557e-001;5.1950187e-001
3.5971240e-002;-6.6485729e-002
-4.3899627e-002;5.5903664e-002
3.1923726e-001;-5.2280711e-001
1.5130820e-001;4.2391478e-001
5.3306151e-001;1.0742253e-001
-8.7081989e-002;-5.0814186e-001
-4.9087039e-001;-5.9033060e-001
2.8057710e-001;2.5591841e-001
4.2327761e-001;4.6583162e-001
4.4214442e-001;4.0921407e-001
7.8727307e-001;4.4334951e-001
-4.0525312e-001;-4.5440591e-001
2.4654525e-001;2.4175538e-001
-2.4230839e-001;-2.7294449e-001
-2.4994132e+000;-2.6545526e+000
8.5353933e-001;1.9663399e-001
-5.1323769e-002;3.9809618e-001
6.1673470e-001;4.3806180e-001
-9.7858856e-001;-4.4626814e-001
-5.8276812e-002;-3.0953323e-001
1.9408460e-001;4.6816503e-001
5.7430918e-001;5.4272641e-001
1.8494681e-001;2.6583146e-001
-4.1616895e-001;-3.5079837e-001
-9.4479047e-001;-2.2612747e-001
-4.3899627e-002;-5.0076663e-002
5.7668520e-001;2.4106278e-001
-5.5598916e-001;-3.0826217e-001
-1.3833613e+000;-1.2830782e+000
-7.3071308e-002;5.0518890e-001
-2.2015248e-001;1.0563370e+000
-6.4040066e-001;-5.3833294e-001
5.4529429e-001;-7.0779383e-001
-2.3511826e-001;9.1500478e-002
1.6193271e-001;7.0795964e-001
5.7832876e-001;5.1753334e-001
-1.6066236e-001;-4.1928769e-001
-3.2747945e-005;6.7260923e-002
-6.3707969e-001;-5.5066552e-001
7.9007546e-001;-3.6137527e-002
-3.6651074e-002;4.0504422e-001
-3.9112535e-001;4.0699479e-002
-8.1313206e-002;6.3689190e-001
3.9663943e-001;5.5634879e-001
7.4236459e-001;-4.0125053e-002
-8.3766708e-001;-8.7819478e-001
-1.0342806e-001;-1.7055558e-001
1.3483790e-001;9.6737680e-002
-1.3018236e+000;-1.4173582e+000
-1.2645862e+000;-4.6150814e-001
-3.7240911e-001;-1.4576001e+000
-1.7414839e+000;-2.3030994e+000
-2.0169986e+000;-1.4339142e+000
2.0972484e-001;-2.4492075e-001
-4.3899627e-002;-5.0076663e-002
-1.2227256e+000;-2.2325451e+000
2.2140780e+000;3.1348025e+000
7.3569259e-002;-8.0709226e-002
3.2311607e-001;5.4093768e-001
-5.5967813e-001;-9.0919305e-001
3.5185865e-001;-1.3024663e-001
-2.3764450e-001;-1.2455216e+000
-5.9461760e-001;-1.6647306e+000
4.7029144e-003;-5.9700707e-002
-9.2502168e-002;4.0627537e-002
-1.1713661e+000;-1.0884588e+000
-6.0473663e-002;-1.1105764e+000
-6.2878492e-001;-1.0836667e+000
1.4408372e+000;1.8063793e+000
-1.4963539e-001;4.8000159e-001
1.5089308e+000;1.0852280e+000
-2.1242716e-001;4.1408166e-001
-4.3899627e-002;-5.0076663e-002
-8.9164183e-001;-3.9389309e-001
3.2018241e-001;2.4333276e-001
4.7975752e-001;8.7768953e-001
3.1723963e-001;-2.2709776e-001
-4.9343196e-001;7.5627057e-002
-9.2048598e-002;-1.6312271e-002
-7.6266201e-001;-1.0939232e+000
-1.1526259e+000;-1.4101559e+000
7.0746450e-001;2.3031994e-001
-7.9526375e-001;-1.1582788e+000
6.0978005e-001;3.1327914e-001
1.4317684e-001;-4.2459069e-001
2.7855897e-001;-8.2863942e-001
1.2848339e+000;-1.3164388e-001
2.8561030e-001;1.5452230e+000
6.5259152e-001;6.5360746e-001
1.5197224e-001;-1.3398256e-001
-6.8155701e-001;-2.9118173e-001
2.9822460e-002;8.4527544e-001
2.2621694e-001;3.1916317e-002
-9.2909052e-002;-1.0883147e-001
5.4095215e-002;1.5473232e-001
-4.3899627e-002;-5.0076663e-002
-1.1167317e-002;2.2915230e-001
2.1532868e-002;-5.2003784e-003
-9.2836970e-002;4.8957835e-001
3.0743870e-001;3.3861927e-001
-1.4203324e-001;9.1260409e-002
-3.7907483e-001;-6.0715862e-001
-2.1604331e-001;-1.3447738e+000
5.4466412e-002;-1.7484788e-001
4.9578831e-001;6.8396940e-001
2.1203674e-001;-3.9797428e-001
7.9080405e-001;5.3315839e-001
-6.8609064e-001;-6.9100729e-002
5.0676444e-001;-1.9967753e-001
-9.5480349e-001;-7.8637352e-001
-9.7172872e-001;-1.5001780e+000
-9.5479430e-001;-1.4594189e+000
4.0815516e-001;5.0566401e-001
-7.3572578e-001;-1.7323580e+000
-1.7383171e+000;-1.0625330e+000
1.2824537e+000;1.2231508e+000
-4.7516333e-001;-1.3977362e-001
-1.1450368e-001;2.2871674e-001
-1.1983267e+000;2.2652514e-001
5.5266879e-001;7.5913401e-002
-4.3899627e-002;-5.0076663e-002
1.1584547e-001;-5.1234458e-001
5.5716838e-001;-4.1886797e-001
3.3421168e-001;7.3570104e-001
5.1628655e-001;8.1466011e-002
-2.0984387e-001;-1.3916731e-001
-5.2811741e-002;3.3963874e-001
-1.5686608e-004;1.3159921e+000
8.9571524e-001;2.5667417e-001
3.4472714e-001;-7.7798228e-002
-7.5278319e-004;1.2444103e-001
-2.3367172e-001;-5.0779415e-001
-6.0680058e-001;-9.6483002e-001
9.4979603e-002;2.6649455e-001
2.5467727e-002;1.8041704e-001
1.3799448e-001;-2.2174099e-002
-2.0866017e-001;-2.2040354e-001
-4.5188555e-001;-5.4454815e-001
2.3417283e-001;-7.9583947e-003
8.5453250e-001;1.3064293e+000
8.4653252e-001;3.2172493e-001
-9.5253325e-002;-5.6974880e-002
-1.3772112e-001;-2.0333975e-001
-7.5489496e-001;-5.3627098e-001
-5.4358055e-001;-3.1285602e-001
1.3714705e-001;2.5296230e-001
8.0341068e-003;2.4651141e-001
2.4855577e-001;7.2053116e-001
-4.6584006e-001;-5.0076663e-002
4.2979604e-001;4.1710827e-001
-2.6756820e-001;1.2472707e-001
5.9971957e-001;3.0677471e-001
-2.5789115e-001;9.1734329e-001
-6.0285625e-001;-1.1607749e-001
-5.2420985e-002;-1.5050393e-002
-1.4754549e-001;-6.8935438e-002
6.1001094e-001;7.1354706e-001
1.8164214e+000;4.4869079e-001
-4.8263509e-001;3.5881327e-001
1.2830657e+000;1.0225811e+000
4.1369060e-001;-1.4693509e-002
4.2820069e-001;3.7485223e-001
-1.4299653e-001;-1.5973152e-001
-3.5049525e-001;-9.2508307e-001
-4.5124472e-001;-1.3190391e-002
-4.3899627e-002;-5.0076663e-002
2.9319031e-001;-1.7153985e-002
-3.6374781e-001;5.7994590e-001
5.2597559e-001;6.0460297e-001
-9.0858014e-001;-8.9072489e-001
-4.1803631e-001;-4.2437038e-001
4.6048117e-001;7.1278553e-001
3.5403330e-001;3.1227091e-001
1.4479979e+000;1.2490038e+000
-5.6448915e-001;-1.4644240e-001
4.1741294e-002;-2.0316778e-001
-1.7767548e+000;-1.3432931e+000
-4.9696872e-001;-8.3963198e-001
-4.2029513e-001;-8.5576121e-002
-1.8420697e-001;-4.4272490e-001
4.1151120e-001;-2.9196590e-001
3.1397158e-001;-8.4490959e-002
3.4725369e-001;5.6231290e-001
-6.5299445e-001;-1.3827228e-001
-3.4112685e-001;6.1669748e-001
5.2328248e-002;-5.1424848e-001
-1.2405635e+000;-1.8509714e+000
-4.0734615e-001;-1.8666127e-001
-3.5542059e-001;-3.3052530e-001
5.3368098e-001;7.2227266e-001
5.8323943e-001;8.5915928e-001
1.3982900e+000;1.1007657e+000
-8.7243393e-002;1.3653803e-001
3.3729361e-001;6.5892572e-002
4.8222710e-001;-1.5561620e-001
2.9971350e-001;-2.1969428e-001
-2.0687931e-001;-1.7682519e-001
4.2722397e-001;7.0671821e-001
-6.7826896e-001;-3.5939680e-001
-5.5271526e-001;-4.2305084e-001
-9.7334633e-001;-5.9639367e-001
-1.6614380e-001;-4.3837044e-001
-1.0520773e-001;6.0454283e-001
6.5320731e-001;5.0260945e-001
1.3783983e+000;1.0745643e+000
-6.1899070e-001;1.2242151e-001
-1.1955577e+000;-7.3409151e-001
-7.2541645e-001;-9.8003815e-002
1.8387578e-001;-1.3805354e-002
-1.0463383e+000;-8.3282390e-001
-8.4497612e-003;-5.4340725e-001
5.2864425e-001;6.3365316e-001
-1.7537439e-002;-8.7866850e-002
-2.9893848e-001;-4.2484124e-001
-5.8223916e-001;-3.4617907e-001
6.9674743e-001;7.3672180e-001
-1.3193413e-001;6.4420213e-002
4.4726613e-001;3.0512945e-002
-4.9090783e-001;-5.4503690e-001
-3.7857170e-001;-2.0296691e-001
-1.2502791e+000;-9.6048160e-001
-2.5017608e+000;-2.2557100e+000
-1.3529563e-001;-6.6039989e-001
-4.3899627e-002;-5.0076663e-002
8.6740170e-001;7.3682860e-001
7.9635006e-001;3.8130314e-001
-7.0911800e-002;7.1802244e-001
-2.5712411e-002;-2.0455798e-001
-1.0750777e+000;-1.3526378e+000
1.1580234e+000;5.4361261e-001
-1.4273049e-001;4.2495439e-002
6.3741141e-002;-6.5265828e-001
-3.2272202e-001;-9.9349267e-001
-1.3857422e+000;-2.1349333e+000
1.0196231e-001;-5.9811257e-002
6.9191781e-001;-4.0342070e-002
-1.2542016e-001;1.3618791e-003
7.8568258e-001;8.0519717e-001
4.6676743e-001;6.3794747e-001
1.0579700e+000;-2.7066247e-001
-4.7796819e-001;-2.1205781e-001
-6.6709475e-001;3.5064786e-002
8.7168951e-001;1.1248582e+000
3.0060596e-001;2.5064285e-001
4.4012728e-001;3.3466121e-001
-4.3899627e-002;-5.0076663e-002
6.9059515e-001;4.8742178e-001
-6.2043625e-001;-5.5120289e-001
-2.0185778e-001;8.9765796e-001
-1.7555936e-002;2.7360210e-001
-4.3899627e-002;-5.0076663e-002
6.1405795e-002;-1.1707538e+000
4.5427386e-001;2.5339740e-001
-2.1851053e-001;-7.4213439e-002
3.8339553e-001;4.8892889e-001
-2.0071654e-001;2.6954433e-001
9.5591525e-002;5.3722061e-001
-1.6578191e-001;-1.5323354e-001
-1.2238657e-001;5.1758359e-002
1.2296356e+000;6.9399889e-001
5.6522377e-001;7.3407707e-001
-8.6631409e-002;4.6670693e-001
-8.6649677e-002;-1.8999047e-002
-1.2414267e+000;-5.4718009e-001
-3.7363660e-001;-8.9942190e-001
-9.6117329e-002;-3.8394485e-001
-1.6576078e-001;4.3458650e-001
1.8236968e-001;-3.4138105e-001
-6.9991447e-002;-5.0051008e-001
-3.6608695e-001;1.2796845e-001
-7.1775820e-001;-9.8737254e-001
2.6303371e-001;3.9848551e-001
5.2311483e-002;3.5956501e-001
5.5752762e-001;6.5034343e-001
1.4400860e+000;1.0465027e+000
1.8721089e-001;8.2554389e-001
-5.2534416e-002;-3.4670519e-002
-9.5215812e-002;5.6423091e-001
-1.1227744e-001;1.6276937e-001
1.1845313e-001;5.8322642e-001
3.3971830e-001;-1.7793692e-001
5.8217802e-002;1.0181825e-001
6.5898655e-001;5.8160392e-001
-1.0038265e-002;-3.4209545e-001
-8.9970999e-001;-8.5247042e-001
-4.3899627e-002;-5.0076663e-002
2.1956720e-001;-3.4913707e-001
1.8490171e-001;3.7089626e-001
7.1534568e-001;3.8303277e-001
1.6595514e-001;-8.4201396e-002
-6.2312880e-001;-8.8532949e-001
5.1812855e-001;1.1196014e+000
-4.4985333e-001;-2.8468827e-001
-4.1682805e-001;1.7823538e-001
1.9902543e-001;5.9169587e-001
1.5516970e-001;-1.7659791e-001
-9.2152250e-001;-8.6185627e-001
3.7413907e-001;5.1446231e-001
6.0588604e-002;3.9417418e-003
1.2585256e+000;6.9814699e-001
-3.0144117e-001;-3.8858425e-002
5.3871431e-001;6.8632106e-001
-3.0060426e-001;-1.5653735e-001
7.1539910e-001;1.9238968e-001
6.6627476e-002;-1.7494764e-001
2.0201429e-001;2.1678454e-001
-3.1534674e-001;-1.3771638e-001
2.1064953e-001;-1.3408537e-001
7.4570749e-002;2.3255409e-001
1.1918801e+000;8.4314793e-001
4.0643865e-001;4.3246860e-001
-1.7700592e-001;3.7569592e-001
1.7239835e-001;-8.9855924e-001
2.3833966e-001;-3.3124701e-001
-4.0091210e-001;-7.2388406e-003
2.1360403e-001;5.2659302e-002
7.4941208e-001;-5.8078996e-001
-6.8655107e-002;2.6893418e-001
7.1256501e-002;-3.5925660e-001
-3.4849511e-001;5.9227058e-002
8.7911895e-002;7.5313069e-001
-3.0793547e-001;3.8367916e-001
2.1203708e-001;3.9749751e-001
2.0282932e-001;4.4475630e-001
-4.3899627e-002;-5.0076663e-002
-3.4877102e-001;-2.6889776e-001
-4.3198345e-001;-6.6339775e-001
6.3241993e-001;-1.1692573e+000
5.0527556e-001;2.5073796e-001
8.8402625e-001;4.8936268e-001
7.4662754e-001;6.1201309e-001
-1.3246155e-001;2.3543302e-001
-5.1806604e-002;6.2490896e-001
3.0133139e-001;4.3149007e-001
1.0825471e-001;3.0958258e-001
-1.6407539e-001;-3.2890765e-001
2.5222689e-001;-3.1067741e-002
9.7357289e-001;9.5108415e-001
-3.5284968e-001;-4.6374600e-001
-4.1756174e-001;-4.3107909e-001
8.8354481e-001;6.3044722e-001
1.1359957e-001;-1.8203856e-001
2.7081059e-001;-1.1494319e-001
1.0515080e-001;6.7989220e-001
3.9424963e-001;5.4661935e-001
1.1194110e-001;4.2843761e-001
-9.8450083e-002;5.4947114e-001
-3.2501275e-001;3.7286872e-001
-1.9144952e+000;-9.5677013e-001
-2.8004617e-002;8.9296034e-003
1.1991117e+000;7.1155744e-001
8.8023912e-001;9.1633517e-001
-5.1373160e-003;-2.3896852e-001
-6.2986418e-001;-1.2527749e-001
-1.0285077e+000;-6.7322425e-001
-4.3899627e-002;-5.0076663e-002
1.7741629e-001;-1.5721479e+000
1.9114263e+000;6.3234556e-001
1.2638669e-001;4.3913627e-001
-6.7998016e-001;4.2644552e-001
6.7710375e-001;1.0753353e+000
1.4914309e-001;-4.4162206e-001
-5.6182644e-001;1.9751287e-001
-1.2147289e-001;4.6471480e-001
-8.2250793e-001;-2.4775988e-001
4.6272739e-001;3.5616191e-001
8.0819662e-001;6.5130259e-001
1.0249746e-001;1.1640847e-001
7.1596055e-002;7.2394855e-001
2.7851440e-001;6.0910986e-001
9.0243965e-001;1.4182085e+000
-1.1243912e-001;7.8581744e-001
-1.1996315e-001;-1.1893015e-001
8.8729262e-001;1.1161610e+000
-1.2672909e-001;-1.7993575e-001
-8.0103708e-001;-1.3245801e+000
-2.3391800e-001;-8.5374622e-001
2.6776953e-001;5.4266635e-002
-1.8071222e-001;6.3090879e-001
7.7769584e-002;6.6380507e-001
5.9168299e-001;6.5556279e-002
-4.3899627e-002;-5.0076663e-002
6.0998874e-001;7.2696778e-001
1.0072749e+000;1.1226509e+000
7.8307458e-001;1.7006403e+000
-5.1129731e-002;6.5584851e-001
-5.0835795e-001;-7.0857867e-001
9.4867965e-001;1.8296530e+000
-3.9880492e-002;5.0671877e-001
-4.3939414e-001;4.6961871e-001
5.3777867e-001;6.0421797e-001
-1.1054034e+000;-1.5565607e+000
-1.2765309e+000;-3.9627424e+000
2.2965881e-001;7.5895879e-001
-4.3899627e-002;7.4771194e-002
5.3868761e-001;1.6816219e+000
9.3190295e-001;1.4892577e+000
-2.0077472e-001;5.9488302e-001
5.0081492e-001;9.9228323e-001
-4.0925754e-001;-5.8382397e-001
-1.9330574e-001;-4.5576078e-001
-2.1607817e-001;-1.0639787e+000
-2.6156604e-001;-7.9544941e-001
1.9610296e-001;-1.5686810e-001
-4.2664340e-001;8.0006956e-001
1.6640719e-001;3.6577040e-001
-4.3899627e-002;1.4065389e-001
-5.1011388e-001;7.4704276e-001
-6.4142265e-001;-4.9779917e-001
-5.9151727e-001;2.9909964e-001
8.5197365e-001;7.7609153e-001
-4.5290167e-001;-5.6990892e-002
-8.1830989e-002;1.2629169e+000
-2.2621390e-001;2.8958468e-001
-3.2568346e-001;1.4793167e-001
-1.0498897e-001;-1.1793049e+000
7.8241760e-002;4.9662664e-001
-8.1672165e-001;2.3237088e-001
-1.3620259e-001;-7.5867649e-001
4.0872486e-001;-1.4415281e-001
-2.0484970e-001;-1.2157014e+000
2.6993044e-001;-4.9843435e-001
-1.2791126e-001;8.3969982e-001
8.6103983e-002;6.8785419e-001
7.5497264e-001;-1.1283468e-001
-4.3899627e-002;-5.0076663e-002
4.3991585e-001;1.8763759e+000
2.4966829e-001;4.2794765e-001
-3.4517649e-001;5.9897876e-001
6.1775795e-001;7.9782360e-001
4.5833582e-002;5.6405399e-001
8.5050602e-001;-1.9644836e-001
3.4105869e-001;1.7502191e-001
7.1451911e-001;-9.1306822e-002
-1.3203042e-001;-1.5477015e+000
-4.0222191e-001;-1.3764234e-001
-3.2397459e-001;9.1084047e-001
4.9272770e-001;3.9877866e-001
-5.7297538e-001;-6.6978104e-001
-1.1209420e-001;-5.3494906e-001
7.7349633e-002;-7.3975428e-001
-1.3471787e-001;-8.2735723e-001
-1.1211997e-001;-1.1650796e+000
4.8573567e-001;1.9281996e+000
-1.3826700e-002;-3.8586735e-001
-6.2649833e-001;-1.5922754e+000
-2.8698772e-001;-7.4538517e-001
-2.3419785e-001;-1.8477046e+000
4.1993618e-001;1.1331930e+000
9.2484250e-002;-2.6327952e-001
-9.4939403e-001;-2.7846494e+000
-1.5864482e-001;-1.7912795e-001
2.6172505e-001;1.7736147e+000
5.7988333e-001;1.3439574e+000
5.6078948e-001;2.2032532e-001
-2.4017956e-001;-7.4628470e-002
1.9742855e-001;1.6358079e+000
-4.2871395e-001;8.8140558e-001
4.7656247e-001;1.2582320e-001
-2.0206898e-001;-7.6323569e-001
-8.6858698e-001;-3.0146739e-001
5.4693103e-001;1.7341295e-001
-6.7258852e-001;-1.2864712e+000
-1.0983107e+000;-9.2090661e-001
7.5923251e-001;7.3108554e-001
2.6815581e-001;1.3192771e+000
-6.6817925e-002;-3.9983012e-001
1.9134123e-001;3.7755430e-001
8.3148598e-001;1.5535271e+000
3.0859644e-001;7.3561542e-001
-2.8374422e-001;-3.8093513e-001
-3.9724365e-001;-1.7822808e+000
1.1093096e+000;3.3618663e-001
1.9403645e-001;1.6201537e+000
8.2248357e-002;-2.1162000e-001
8.0336574e-003;-5.5989481e-001
-6.6270739e-002;-1.7499099e+000
9.9627899e-001;6.8052303e-002
8.9847455e-001;2.0204082e-001
3.6958342e-001;2.5672591e-003
-1.8147054e-001;-1.5502253e+000
7.6476783e-001;-4.8620169e-001
3.1496242e-001;-4.1660479e-001
-4.3899627e-002;-5.0076663e-002
9.9404215e-002;8.2054953e-001
3.9168624e-001;-1.3262138e-001
9.8380705e-002;1.9438625e+000
4.9539698e-001;6.6352749e-001
-6.5431110e-001;1.0393160e-001
2.0487973e-001;-4.1801102e-001
9.8068728e-001;1.3127038e+000
6.9139709e-001;-4.1530032e-001
3.7396506e-001;-4.4112444e-001
-8.1119447e-001;-8.5957562e-001
-9.2948459e-002;8.2344821e-001
4.8718221e-001;-1.3576768e-001
-2.2538017e-001;-9.4241168e-001
7.5580516e-001;3.7389996e-001
-7.0398961e-001;-1.8021373e+000
-1.4854415e-001;-7.9548658e-001
-2.0244676e+000;-2.7968751e+000
6.3709779e-001;2.3009782e+000
-1.0384787e+000;-1.6120512e-001
6.8888328e-001;1.4379149e+000
-1.5649100e-002;5.4871892e-001
-4.3899627e-002;-5.0076663e-002
1.9688660e-001;1.8653532e-001
-1.2886290e-001;-1.6831267e-001
-2.4229761e-001;-6.1553372e-001
3.7361135e-001;8.9628607e-001
-4.3899627e-002;-5.0076663e-002
1.1281880e+000;5.6770641e-001
2.7659369e-001;-1.2273377e+000
-4.3414271e-001;-1.6338638e+000
1.0269242e-001;3.0372758e-001
2.6922960e-001;-1.5657088e-001
-1.3520368e+000;-3.3548605e+000
-1.9565690e+000;-9.1482952e-001
5.9305782e-001;2.0376318e+000
-1.2250744e-001;-3.3432955e-001
-3.8709980e-001;-2.0192909e+000
8.3332669e-001;6.8565059e-001
-4.6378696e-001;1.9363387e-001
1.0835501e+000;8.4145970e-001
1.1265439e+000;1.0567180e+000
6.2276695e-001;1.0232335e+000
-5.6428042e-001;-1.8616549e-001
9.2533588e-001;1.4387271e+000
-5.4123948e-001;-7.7240008e-001
1.0033442e+000;4.3237175e-001
5.8446300e-001;9.8713603e-002
1.3828258e+000;7.8954600e-001
2.1759520e-001;7.5425151e-001
1.3683514e-001;8.5823063e-001
-6.2038988e-001;1.9740545e-001
5.7938766e-001;9.9194255e-001
9.1348401e-001;4.7836750e-001
5.4979827e-001;-4.3646880e-001
8.1418840e-001;7.1115839e-001
-4.7337336e-003;8.0650077e-002
1.0067510e+000;2.1156867e-002
-2.4616289e-002;-7.9781221e-001
-4.3170848e-001;2.4397538e-002
-5.5023801e-001;1.8034982e-001
-9.1321939e-001;-3.4489271e-002
-4.3899627e-002;-5.0076663e-002
-8.6110200e-001;-7.3730769e-001
1.0029002e+000;1.1985119e+000
1.6189655e+000;1.7801791e+000
3.4813038e-001;1.0776173e-002
-1.2120514e+000;-4.7502934e-001
-3.2983750e-001;-6.7011632e-001
-8.2180254e-001;7.4600367e-002
-4.1854196e-001;-7.2955020e-001
8.8042501e-001;-1.3281516e+000
1.0981018e+000;-1.6062685e-001
7.0806721e-001;1.0435818e+000
-2.6834590e-001;-5.0607047e-001
1.6760810e-001;6.8919753e-002
-3.1261782e+000;-2.7755160e+000
1.9568096e+000;1.5141531e+000
7.8698050e-003;-7.4196027e-001
-3.1594374e-001;1.3923383e+000
2.6699873e-001;1.7288887e-001
-6.3414390e-002;7.2777503e-001
1.7066778e+000;1.2895941e+000
-2.9211368e-001;-2.2251218e-001
-2.9273132e-001;-1.0147144e+000
-5.4982592e-001;-2.3448722e-001
1.2940326e-001;1.7063087e-001
8.4108901e-002;-1.4322693e+000
4.2877074e-001;6.5761984e-002
-8.1788140e-001;4.5674543e-001
2.6629692e-002;3.6732467e-002
-8.2318756e-001;5.4822311e-001
8.5732039e-001;4.1822766e-001
5.5666454e-001;3.7555950e-001
2.7401865e-001;3.5941770e-001
-1.6454027e-001;1.6119796e-001
-4.3899627e-002;-5.0076663e-002
-1.6136408e+000;-1.1787517e+000
-6.5278846e-001;2.6507478e-001
-1.3915096e+000;-3.9960263e-001
-2.4032771e-002;-7.8926692e-001
7.8226486e-001;2.9567998e-001
1.0406456e+000;8.0912062e-001
4.3947142e-001;1.2454822e+000
-1.2988904e+000;-4.1075192e-001
-1.1291920e-002;1.3171434e+000
-3.3721051e-001;1.6091243e-001
4.8329835e-001;1.2412771e+000
3.8377599e-001;1.0929111e+000
-6.6656318e-001;8.0929396e-001
1.9007624e-001;5.7169578e-001
-2.4501159e-002;1.7935669e-001
5.3395155e-002;6.0234957e-002
-1.2162014e-001;1.4498629e-001
6.6291244e-002;7.1472302e-001
-1.4337277e+000;-1.8440768e+000
-4.1269463e-001;4.8062164e-001
-2.9466879e-001;9.4171773e-002
-8.4057751e-001;-3.5738216e-001
9.3104983e-001;1.4164072e-002
-2.4172158e-002;3.2019261e-001
7.3840046e-001;1.1998455e+000
1.1174774e+000;1.5262790e+000
7.0757772e-001;9.7746906e-001
-3.0922022e-002;-1.2543981e-001
1.2678570e-001;4.1497086e-001
8.8257674e-001;1.5708207e-001
1.0284836e+000;4.5032800e-001
-2.6261826e-001;-3.4616158e-001
6.8111757e-001;1.8750271e-001
-3.1911358e-001;5.1684943e-002
-3.1057956e-002;-1.1817336e-001
-4.3899627e-002;-5.0076663e-002
-9.7116469e-001;-9.7597193e-001
-6.7358502e-001;-9.1688172e-001
3.0059947e-001;5.8836787e-001
-9.3006255e-001;7.5334805e-001
-3.7173415e-001;-4.2877954e-001
6.8238301e-001;3.4872986e-001
5.1527579e-001;3.8878269e-001
-5.7695640e-001;-1.3903233e+000
4.8266284e-001;-2.7425922e-001
-2.0621879e-001;-2.7310585e-002
-3.8220751e-001;8.4408935e-003
-5.0426956e-002;3.3188331e-001
-2.2648454e-001;-8.4809156e-001
-1.9424368e-001;-1.0727071e+000
1.5026799e-002;-5.0777361e-001
-4.8269861e-001;-2.1047601e+000
3.1650011e-001;-3.7263711e-001
1.5207171e-001;-1.0668713e+000
7.6211213e-001;6.4141227e-001
1.7600728e-001;5.8257383e-001
-1.8018850e-002;-9.2633679e-001
-6.8536992e-001;-1.7088488e+000
-1.3491892e-001;1.0468170e+000
-4.4805967e-001;1.5671221e+000
1.2798365e+000;9.9338771e-001
-2.1157998e-001;-5.7758354e-001
-3.4783739e-001;-8.5505414e-001
-4.3899627e-002;-5.0076663e-002
-2.0788361e+000;-2.0373640e+000
-7.1380249e-001;-8.7620167e-001
5.1355918e-001;3.6427237e-001
3.4571207e-001;-1.1308008e+000
-1.5388732e+000;-3.1496997e+000
-2.2411808e-001;-3.0982295e-001
-3.0100280e+000;-4.0530514e+000
1.2886408e-001;-6.8594266e-001
2.9366790e-001;3.0509325e+000
1.5666788e+000;2.0597504e+000
-7.2997339e-001;-1.1499745e+000
-7.0725566e-001;-1.5452378e+000
-8.7072699e-001;-3.0843960e+000
1.0823230e-001;-6.9078574e-001
1.2054787e+000;1.8523354e+000
8.9322833e-001;1.5420534e+000
-7.4927905e-001;-1.2589026e+000
8.2341517e-001;4.6245240e-001
8.0944644e-001;7.5270019e-001
1.1398972e+000;1.6256223e+000
1.4653648e+000;2.2946977e+000
-1.4166159e-001;-4.4109010e-001
3.4008064e-001;6.9145781e-001
3.5137789e-001;1.0283574e+000
-1.3452118e-001;-3.6605765e-001
-6.0872017e-001;-7.1177605e-002
3.7186414e-001;3.7814568e-002
-1.0604461e+000;-1.1205597e+000
3.0256922e-001;6.0135108e-001
-6.3312545e-002;5.3970608e-002
3.7300138e-001;-1.4177368e-001
1.3153455e-001;-2.9206640e-001
3.3821402e-001;-6.0337257e-001
-5.9494439e-001;1.4268292e-001
7.2033226e-001;1.4577906e+000
-2.3122167e-001;-1.2965656e-001
-5.4930379e-001;-3.8570773e-001
2.6087494e-001;8.0648208e-001
-2.4466258e-002;3.7200048e-001
-1.1835216e+000;-8.2001056e-001
-6.0214665e-001;-3.5884172e-001
-4.3899627e-002;-5.0076663e-002
5.2744933e-001;1.9106583e-002
1.0664939e-001;8.3775183e-002
-9.3063521e-001;-1.6504774e+000
8.9514775e-001;1.1622735e+000
1.2547310e+000;7.6457755e-001
-1.6011966e-001;1.2582707e-002
4.3928819e-001;3.4239056e-001
2.5141085e-001;9.7245182e-001
1.1030098e+000;1.8918144e+000
8.2038287e-001;3.9397119e-001
-5.0182511e-002;7.2998127e-001
-2.3886509e-001;1.4917455e-001
-2.0771266e-001;4.7767706e-001
3.0859559e-001;5.7498191e-001
6.2692820e-002;-7.2629965e-001
-3.9584841e-001;2.6310094e-001
1.2774521e-002;7.1962135e-001
-1.8879745e-001;2.2065219e-001
2.5425529e-002;1.1835094e-001
1.1347904e-001;-3.0486217e-001
3.4177770e-001;-4.9199322e-001
4.4719553e-001;1.1380787e+000
-6.2775788e-002;-2.9469043e-001
9.6250597e-001;1.1165663e+000
-2.6189620e-001;2.1488989e-001
-2.6220487e-001;-9.1077358e-001
-6.5159781e-001;-2.2520876e-001
-1.9492532e-001;-1.3169448e-001
7.5855694e-001;8.5929852e-001
6.3426829e-001;5.9592918e-001
-1.3079261e-001;8.8322856e-002
2.2269868e-001;-6.1681752e-001
5.9169801e-001;-7.7452276e-001
5.3256475e-001;-8.2161228e-003
-9.9048950e-002;-5.3981297e-001
-5.2231393e-001;-1.3861927e+000
-4.6280345e-001;5.9374797e-001
-7.7513939e-001;-1.2177060e-001
1.9844392e-001;-4.0931938e-001
-6.1636723e-001;-6.0041863e-001
5.2856797e-001;-1.1117087e+000
-2.7372827e-001;2.1390277e-001
5.5746911e-001;1.2087238e+000
-1.6753765e-001;-2.7975316e-002
2.8353168e-001;-1.5653545e-001
6.0776409e-001;6.5127952e-001
1.5309900e+000;1.2770474e+000
4.1363625e-001;6.4202853e-001
1.7789598e-001;2.1827299e-001
5.2970989e-001;3.5941847e-001
1.2285173e-001;-5.3753396e-001
8.6878971e-002;2.8282661e-001
5.7196410e-001;7.1165719e-001
5.0945329e-001;-7.2618185e-001
-6.1544452e-002;-6.2471552e-001
7.5158435e-001;5.8952761e-001
4.6157324e-001;1.3349964e-001
-2.2368734e-001;-5.9387076e-001
7.8293284e-001;1.2356576e+000
1.1240496e+000;4.2042402e-001
-3.4031623e-001;1.4727346e-002
-4.9017850e-001;4.2646326e-001
-4.3899627e-002;-5.0076663e-002
2.9954486e-001;3.6001256e-001
-4.3899627e-002;5.0615965e-001
-1.2627920e+000;-7.7720620e-003
-3.5091942e-001;-3.0802806e-001
1.7631751e-001;1.8864758e-001
-9.0449980e-001;-1.0115185e+000
1.2327916e+000;2.1459063e+000
1.0002655e-001;-3.3309357e-001
-1.1425634e+000;-3.1174209e-001
-1.5992310e+000;-8.7770991e-001
-2.5499458e-002;-1.0890913e+000
-6.2481848e-001;-1.9300247e+000
5.9188239e-001;3.7250933e-001
5.6360436e-001;1.4438571e+000
1.9353529e+000;7.6194063e-001
1.2217491e-001;-6.1500182e-001
2.7322922e-002;-7.5410748e-001
4.7608830e-001;5.8175451e-001
-4.3899627e-002;-5.0076663e-002
3.2076577e-001;4.8745077e-001
1.7322657e-001;-2.9679463e-001
-2.1994473e-001;-3.3156712e-001
-1.5995980e+000;2.0430733e-001
-4.3899627e-002;-5.0076663e-002
-1.3357627e-001;-8.5343126e-001
1.5208245e+000;2.2638516e+000
3.0831681e-001;3.8538849e-001
4.6461312e-001;8.0692124e-001
-8.2229831e-001;-6.0746308e-001
1.1126845e+000;3.9200904e-001
1.1282543e+000;3.8781104e-001
3.6470348e-002;-1.3344349e-001
7.4458560e-001;1.1040969e+000
-5.6891460e-001;-1.0075860e+000
5.2665168e-001;4.7720279e-001
9.5225009e-001;5.7975183e-001
1.1359143e-001;1.0725409e+000
5.3929944e-001;8.7578494e-001
-5.3713162e-001;7.5208892e-001
-1.4298034e+000;-7.5062138e-001
-9.2509752e-001;-1.1105490e+000
-5.7979287e-001;-8.6137742e-001
-1.1313564e-001;6.5172428e-002
1.2199992e+000;8.9739521e-003
1.1816587e+000;1.1127314e+000
-2.0185287e-001;5.9190426e-001
-1.4566735e-001;-3.2584882e-001
3.5669799e-001;-2.1736160e-001
-1.3189917e+000;-1.9096625e+000
3.4308425e-001;-2.0147715e-001
1.1703034e+000;7.8643265e-001
-7.6500909e-001;-1.7114283e+000
7.1089826e-001;-3.3730711e-001
1.4542752e+000;1.9905298e+000
8.2580974e-001;8.1813380e-001
-5.2179711e-001;-3.1450341e-001
-4.3899627e-002;-5.0076663e-002
1.0730393e+000;-1.5252894e-001
-7.1584107e-001;-6.5453562e-002
-1.3739057e+000;-1.3903204e+000
1.7288051e-002;-1.0255777e+000
1.0548344e+000;7.5309254e-001
3.7799957e-001;1.4377582e-001
-8.2344799e-001;-5.8128048e-001
-8.7952364e-001;-2.1525131e+000
-7.2970470e-001;-3.2928925e-001
5.5305822e-001;1.1632416e-001
-1.0053031e+000;4.2090631e-001
1.3059709e+000;8.3564061e-001
-6.0457647e-002;-1.0831656e+000
7.6195088e-001;-3.2641351e-001
1.0711466e+000;7.7892160e-001
3.7571374e-002;-5.0168153e-001
-6.9227745e-001;-1.0138789e+000
-2.3500372e+000;-8.8552914e-001
7.7510838e-001;-7.4049597e-002
2.4434600e-001;-1.1027998e+000
-8.9460978e-001;-8.4183525e-001
-3.1803471e-001;-1.6422457e+000
-8.8198553e-001;7.4480903e-001
-2.7127470e-001;-4.6307515e-001
1.4216220e+000;-9.6568800e-001
-4.6591772e-001;3.8514304e-001
2.1958379e-002;1.6201116e+000
-2.1011929e+000;-1.6041521e+000
-4.3899627e-002;-5.0076663e-002
-2.4022974e+000;-2.3008910e+000
3.7400143e-001;-4.4128042e-001
-1.4765806e+000;-1.3677517e+000
-6.5432020e-001;1.0067670e+000
7.0544521e-001;1.8247053e+000
4.1230122e-001;1.1251402e+000
7.6506364e-001;4.2985028e-001
-7.3197643e-001;-6.8355572e-001
-4.0699831e-001;-1.1493956e+000
-2.3385098e+000;-2.4139936e+000
8.9369556e-001;7.3480425e-001
2.0308642e+000;-3.4069676e-001
1.3537230e+000;-2.6549882e-001
-3.6282703e-001;5.1020890e-001
6.2889883e-001;4.0081030e-001
-6.9252175e-001;-1.5848149e+000
2.5260146e+000;6.7736780e-001
-3.4977010e-001;1.1303230e+000
-3.4481930e-001;2.8123435e-002
-8.3289975e-001;-1.5935616e+000
6.0911792e-001;5.8792873e-001
2.5609672e+000;2.0315870e+000
6.2835160e-001;1.3983846e+000
-5.0881155e-001;7.1950434e-001
1.3046709e+000;2.6544592e+000
1.9622311e+000;2.5145640e+000
1.0610237e-001;-8.7031264e-001
-1.9958908e+000;-4.5668402e-001
6.7286666e-001;5.4681855e-001
4.1618304e-001;2.6651700e-001
1.6601606e+000;6.3220902e-001
-2.9844841e-001;-8.4178139e-001
1.2024459e-001;9.6787147e-002
6.0440552e-001;1.2908976e+000
-1.9558232e+000;-1.0039459e+000
4.3046437e-001;-1.2044918e-002
9.8250981e-001;1.6238253e+000
-2.1890130e-001;6.7098811e-001
-4.9149681e-001;-1.3382419e-001
1.1582480e+000;1.1894770e+000
-4.3899627e-002;-5.0076663e-002
4.6528995e-001;1.3426209e+000
-3.9910846e-001;1.8732550e-002
-4.1224273e-001;-5.5768114e-001
-3.2167998e-002;-2.4412958e-001
-6.1351467e-001;2.6862769e-001
2.6771138e-001;-1.4753436e+000
-6.2668215e-001;-4.2915821e-001
4.4502241e-001;6.9946109e-001
1.7265744e+000;1.0082933e+000
5.2897572e-001;4.6112834e-001
7.6541270e-001;-7.8575824e-001
4.3985597e-001;3.8842999e-001
1.7306918e+000;1.9609521e-001
8.6706875e-001;7.7621978e-001
-1.7183994e-001;5.7479840e-001
-1.8952631e-001;7.2625886e-001
-5.8745892e-001;-7.9289708e-001
7.0921268e-001;9.7161254e-001
2.0588267e-001;-5.2840774e-002
-2.5406577e+000;-9.3714511e-001
1.9584690e+000;1.2046380e+000
-9.2531165e-001;-4.7716974e-001
-5.0961299e-001;-7.3417921e-001
3.9242052e-001;7.3073919e-002
-2.3829428e-001;2.2212493e-001
5.9968316e-001;-3.1532512e-001
8.9761223e-001;1.1497193e+000
1.2361992e+000;7.7094039e-001
-4.3899627e-002;-5.0076663e-002
-5.1767593e-001;1.6296815e-001
1.2685686e+000;9.2156679e-001
-1.5609420e+000;5.2893669e-002
5.1976725e-001;2.3875063e-001
3.9965770e-001;7.3093982e-001
-2.9257599e-002;1.3548696e+000
6.1942790e-001;1.1391128e+000
7.4501008e-001;2.4171127e+000
-2.6943390e-001;-7.9814015e-001
-1.6818989e+000;-1.3886318e+000
1.6195997e-001;-8.1267187e-001
1.8966223e+000;1.7324994e+000
2.8687446e-001;1.9197920e-001
3.0870165e-001;4.4287628e-002
-8.6905425e-002;-2.1402463e-002
5.0590218e-002;-4.3627488e-001
6.1173822e-001;5.1053835e-001
9.3435330e-001;9.4538462e-001
-4.3570714e-001;3.1197612e-001
-3.9196125e-001;-1.7455762e-002
9.9055010e-003;6.4497392e-001
-1.7706218e-001;9.4652902e-001
8.2885662e-001;4.9790024e-001
-9.1103774e-001;-4.3476106e-001
-1.9772217e+000;-1.6425639e+000
3.3998659e-001;-7.8973708e-001
-1.3079783e+000;-7.1400995e-001
-4.5323587e-001;4.0314030e-001
1.2887543e-001;1.5748850e-001
-3.2081325e+000;-1.6164595e+000
1.3588832e+000;4.2828161e-001
1.4157872e+000;1.9176674e+000
1.2501502e+000;1.6834103e+000
-1.6434130e+000;-1.3689836e+000
-1.2044321e-001;-5.9093043e-001
-4.0383062e-001;1.2990876e-001
-1.0329249e+000;-6.9338725e-001
2.1741322e-002;2.1601781e-001
-1.2440360e+000;-9.4530623e-001
-9.8417822e-001;3.2863516e-001
-4.3899627e-002;-5.0076663e-002
3.2767084e+000;1.8698615e+000
1.4450672e-001;-4.0806904e-002
-3.9157424e-001;3.4401920e-001
-6.1536071e-001;6.3327773e-001
1.1921619e-001;5.3387194e-001
1.6939687e-001;6.0840032e-001
-1.7474715e+000;-1.0799844e+000
-8.0201788e-001;-1.2871446e-002
1.0206426e+000;5.2575059e-001
-3.2623097e-001;-9.2760380e-001
2.1945153e+000;1.9890311e+000
-1.6403377e-001;-1.7781013e-001
4.1507560e-001;1.6272190e-001
-1.1271280e-001;5.6716871e-001
9.5597674e-001;4.8942094e-001
-3.7921884e-001;4.1703040e-001
-8.4192512e-001;-6.3800604e-001
-7.8907659e-001;-5.5627149e-001
8.9674277e-001;1.4926113e-001
8.2643007e-001;7.0439361e-001
-6.2331893e-001;-5.9967325e-001
8.3626464e-001;2.2302858e-001
1.0607207e-001;6.6380996e-001
9.3657028e-002;7.3745798e-001
7.1997749e-001;3.0131326e-001
9.1553097e-001;8.3800091e-001
-1.0670525e+000;2.0861553e-001
-4.6032757e-001;1.8389389e-001
-2.4518327e-001;-4.4148232e-001
2.9126578e-001;1.2745092e-001
2.5383984e-001;-5.8707028e-001
-5.1820236e-001;-5.9519167e-001
-1.5329694e+000;-1.4354212e+000
-1.2076087e+000;-1.9993380e+000
8.9988950e-001;1.0596206e+000
1.6956142e+000;1.5444291e+000
-3.6437031e-001;-3.1084825e-001
-2.3973020e+000;-2.2298850e+000
-1.7448784e+000;-1.2739908e+000
-7.4988041e+000;-7.3244464e+000
4.5569417e+000;4.2799572e+000
6.7396693e-002;-6.6921290e-002
-1.7231055e+000;-2.0884939e+000
7.7114831e-001;1.4164385e+000
3.0299436e+000;2.2065095e+000
1.4798354e-001;2.1677609e-002
8.2884984e-004;3.2808122e-001
-1.6525910e-001;-9.0202783e-001
-1.3793002e+000;-1.3545616e+000
-4.2357725e-001;-7.8165281e-001
3.7363960e-002;-4.1914352e-001
-2.1483820e+000;-2.8098166e+000
1.1172328e+000;1.0805493e+000
1.0811939e+000;1.4938199e+000
1.6029514e+000;1.8639052e+000
-6.6152979e-001;-9.0058964e-001
9.1763374e-001;-1.3519384e-003
1.2662305e+000;1.5200750e+000
6.4952191e-001;-4.0791168e-001
-1.4900245e+000;-2.1550631e+000
4.8290832e-001;7.9015334e-002
-2.2552292e-001;2.9293805e-001
-4.3899627e-002;-5.0076663e-002
3.1914551e-001;3.2863461e-001
2.3555224e+000;1.8173548e+000
2.7457929e-002;-1.5545427e+000
1.2032857e-001;4.9377071e-001
1.8181628e-001;-1.5600658e-001
1.1780210e+000;1.2112879e+000
-5.1487308e-001;1.0237624e+000
-8.0105804e-001;-1.9443355e+000
-9.2820799e-001;-1.5383733e+000
-1.6840906e+000;-2.4633913e+000
-1.8018833e-001;-1.4691085e+000
1.0257202e+000;-5.1378264e-002
6.3187297e-001;1.0141626e+000
-2.8113247e-001;-4.1325952e-001
-1.4474994e+000;-1.6250662e+000
-1.2002442e+000;5.1631718e-002
7.6531920e-001;4.2885647e-001
-1.6884386e+000;-1.5063955e+000
-4.5609675e-001;-7.3990874e-001
-4.3899627e-002;-5.0076663e-002
2.0617482e-001;7.3706484e-001
1.4181487e+000;1.6601292e+000
1.5293059e+000;1.7279027e+000
-1.4147158e-001;2.8927647e-001
-4.3899627e-002;-5.0076663e-002
6.7164507e-001;6.5934418e-001
1.3108754e-001;7.4283603e-001
-9.5972474e-001;-9.3091758e-001
-9.4252223e-002;-1.2239246e+000
-1.3129482e+000;-4.4529859e-001
-2.9329964e+000;-3.4714045e+000
8.3293491e-001;2.3954756e-001
1.0608426e+000;2.1833815e+000
6.3356136e-001;4.1135459e-001
-1.2447055e+000;-1.5990218e-001
7.5608806e-001;9.6731508e-001
-4.3899627e-002;-5.0076663e-002
1.4864627e+000;1.6791023e+000
-1.0487895e+000;-1.8978456e-001
-8.6218251e-001;-7.7122072e-001
-4.3452664e-001;-8.6873558e-002
1.1440134e-001;-9.7250598e-001
1.2716766e+000;1.0606354e+000
1.2324876e+000;1.9514197e+000
6.8052732e-001;4.8671521e-001
-8.8171323e-001;-5.8104204e-002
2.4699892e+000;1.9993495e+000
6.0239694e-001;7.6035670e-001
-4.2008039e-001;7.9252927e-001
-1.9728220e-001;-2.6095797e-001
8.4212017e-001;9.8515691e-001
-1.5349029e-001;-2.8170187e-001
1.3531745e+000;1.0448108e+000
1.8415366e-001;-7.8751841e-002
6.1601052e-001;2.8823427e-001
-3.7925804e-002;-2.7899791e-001
-4.3899627e-002;-5.0076663e-002
2.9482903e-001;-4.5958556e-001
5.7997625e-001;6.6940140e-001
-9.4105445e-001;6.0521769e-001
4.1305289e-001;1.4754286e-002
-8.8359553e-002;1.3080331e+000
-5.2184193e-001;-7.9783045e-001
9.9818997e-001;1.5344640e+000
3.4421895e-001;5.4988168e-001
6.0236630e-001;-4.2215753e-001
1.1434405e-002;-7.2844880e-001
3.5737828e-001;-1.2971987e-001
-5.7636776e-001;9.5508604e-002
-1.1615797e+000;-2.8028559e+000
1.4262345e+000;2.3491773e+000
-7.0159319e-002;-1.6789055e+000
8.3906778e-001;1.2943430e+000
3.3291524e-001;4.2576694e-001
-2.3068607e-001;3.5947712e-001
-7.0477256e-001;3.7982229e-001
1.2993169e+000;8.7806160e-001
3.1262128e-001;-5.4790809e-001
2.4607986e-001;4.5334689e-001
2.7069037e-001;6.0205231e-001
1.1236239e+000;-6.5300844e-001
-1.0615875e+000;1.3698697e-001
9.5144229e-001;1.0556365e+000
-3.9986077e-001;6.1366874e-001
-3.3634287e-001;1.7056098e-001
-6.1988134e-001;-3.1950642e-001
-2.0273276e-001;-3.2023431e-001
1.5732977e-001;8.7922583e-001
7.3162493e-001;6.0042219e-001
1.2814658e+000;2.3636202e-001
-7.9848331e-002;8.1517915e-002
5.0914608e-001;-1.4755162e+000
-8.9694706e-001;-1.7276936e+000
-7.7250071e-001;4.1030377e-001
1.1120792e+000;6.7940483e-001
-4.3899627e-002;-5.0076663e-002
1.4980116e-001;2.0834622e-001
1.0365358e+000;9.3576003e-001
5.2603034e-001;1.0415919e+000
-9.8365929e-001;-3.1986052e-001
9.5292568e-001;3.9880243e-001
-3.2419391e-001;1.0443095e+000
4.2645119e-001;8.3254346e-001
-1.3343402e-001;6.6901956e-001
-4.0841869e-001;-1.9569520e+000
-9.0847241e-001;-7.1295056e-001
-1.6786583e+000;-2.6876077e+000
-2.5359179e-001;5.7751296e-001
5.4499380e-001;1.0288254e+000
1.1978669e+000;8.5153023e-001
8.7535976e-001;2.1877447e-001
4.5327338e-001;2.3881302e-001
-5.3560656e-001;-7.9531820e-001
-1.0648829e+000;-4.9236146e-001
-9.0873307e-001;-1.2169940e+000
8.2645569e-001;1.5301655e+000
3.5694580e-001;-9.2821098e-001
7.2582843e-001;6.0198876e-001
5.0112254e-001;2.7302886e-001
-4.7481684e-001;-9.4026347e-002
-8.7846808e-001;-1.0516663e+000
-5.4084476e-001;-8.7381127e-001
-2.5863502e-003;7.2491233e-001
1.2381235e+000;-8.1796836e-001
-4.7124207e-001;-6.3922514e-001
-2.4042719e-001;-9.3204841e-001
-4.3899627e-002;-5.0076663e-002
-1.7112530e+000;-1.5521604e+000
-3.4735846e-001;1.1906298e-001
3.3171294e-001;7.0613828e-001
-8.3013099e-001;-9.3157357e-001
2.0769514e-001;-1.8682106e+000
-3.9340803e-001;8.0325790e-001
-1.0322072e+000;-1.1619285e+000
7.1154858e-001;1.5238712e+000
1.8228899e+000;6.8004054e-001
3.0833417e-001;2.2157968e-001
-2.6112401e-001;6.7389982e-001
-9.1197354e-001;-1.5895544e+000
-1.8425847e+000;-1.3841867e+000
2.1869905e-001;-3.1904787e-001
-2.4148695e+000;-1.7433672e+000
3.8817789e-001;2.1045988e+000
1.8329471e+000;1.2691020e+000
-2.3038151e-001;-2.5858030e-001
-1.1866792e+000;4.3332463e-001
-6.3872079e-002;1.3176195e+000
1.2940079e+000;2.0730639e+000
1.0310119e+000;1.7332622e+000
8.7235449e-002;-8.2580689e-001
5.6323422e-002;2.8640210e-001
5.4489144e-001;1.0960265e+000
-5.4909921e-001;1.4327649e-001
1.0299584e+000;9.8532059e-001
-3.0294692e-001;-1.1245370e+000
-4.3899627e-002;-5.0076663e-002
6.9032998e-001;7.6339552e-001
-1.1795003e-001;-1.2132599e-001
9.4110232e-001;1.3694867e+000
-9.7674150e-001;1.7855621e-001
1.3152822e-001;1.1578050e-001
-1.4861369e-001;1.1007406e+000
1.5844434e+000;9.6341458e-002
-1.6370477e-001;1.2686570e+000
9.6587803e-001;2.5129274e-001
6.0888941e-002;3.5897083e-001
-4.9705737e-001;2.2285348e-001
-1.1859692e+000;-1.8085277e+000
-7.1293062e-001;-5.2565424e-001
-2.2135251e+000;-1.8186383e+000
5.1201465e-003;-2.6889570e-001
9.6782027e-001;6.7410573e-002
-1.0844913e+000;-1.9682563e+000
-2.6597578e-001;-8.4626511e-001
1.2044787e+000;1.9541629e+000
-1.6481560e+000;-2.5391489e+000
-1.1367213e+000;-1.1936399e+000
-3.5110656e+000;-3.6503929e+000
6.5435008e-001;9.3186630e-002
3.1698806e-001;2.2337877e+000
1.9294673e-001;8.8892291e-001
-3.1374403e-001;-4.6028022e-001
-1.3586500e+000;-2.6114035e+000
1.0152429e+000;1.7646726e+000
-1.1426348e+000;-1.3174341e+000
-4.5255902e-001;-7.3757885e-001
1.7191028e+000;1.4936472e+000
1.5733021e+000;1.9689620e+000
-2.8942004e-001;-7.2236901e-001
-9.9012416e-001;-6.0733579e-001
-9.5098929e-001;-1.9696631e+000
3.4159207e-001;-4.2851560e-001
3.7592106e-001;3.5950989e-001
-9.6998355e-001;-1.7347757e+000
-4.3270484e+000;-4.7821248e+000
-1.4536199e+000;-2.8601675e+000
-6.6220929e+000;-9.0036884e+000
3.7096403e+000;4.8846664e+000
-6.2123086e-001;1.0711684e+000
-1.3391347e+000;-1.3766000e+000
-5.9172390e-001;-3.9037995e-001
-4.3899627e-002;-5.0076663e-002
4.8166353e+000;5.7978175e+000
-2.0049591e+000;-2.2605453e+000
-3.2673179e+000;-2.4939033e+000
2.2916751e+000;3.4402388e+000
1.8601211e+000;1.4042943e+000
9.4598055e-001;6.9279415e-001
7.6768867e-001;6.5063463e-001
-2.7503551e+000;-2.6676066e+000
2.3372631e-001;1.0085371e+000
4.3105501e-001;9.4628347e-001
-4.9935178e-001;9.7828156e-001
3.1611623e+000;3.5633144e+000
-1.9307621e+000;-2.3446027e+000
2.9020836e-001;1.2923494e+000
9.4844877e-001;-3.0102359e-001
-3.9375940e-001;-3.4777905e-001
-3.0322261e+000;-2.3962339e+000
-2.7592582e+000;-4.9818570e+000
1.9300612e+000;1.1414683e-001
-7.9756529e-001;-5.0192587e+000
1.7253025e-001;-1.7432638e+000
-6.0561267e-002;-3.2977137e+000
-1.7030849e-001;-3.0686316e+000
2.1007081e+000;4.9908138e+000
1.2384280e+000;3.4776063e+000
-8.3852802e-001;-2.4478116e+000
3.4134199e-001;2.0165976e+000
4.0208000e+000;4.3948457e+000
1.3607556e+000;5.6503190e-001
5.4473421e-001;1.6492131e+000
4.2038713e-001;-6.3038438e-001
1.1328028e-001;2.0960916e+000
1.1924489e-001;1.6015321e+000
-9.9589920e-001;-5.6708061e-001
-2.8175102e-001;1.7704741e+000
-8.3172386e-001;-4.7707892e-001
2.6957067e-002;1.0914763e+000
1.4153069e+000;1.0854212e+000
1.0922894e+000;7.5478403e-001
1.2747500e+000;1.6026777e+000
-4.3899627e-002;-7.4547193e-001
8.3653059e-001;1.8957212e+000
1.4514999e+000;6.8913565e-001
6.2672202e-001;1.0036305e+000
-9.1111458e-001;1.9147649e-001
-4.2651596e-001;1.9518263e-001
-4.9799871e-001;-2.3839508e-001
2.3169001e-002;-6.4525720e-001
9.6854160e-001;-2.1606527e-001
9.7848191e-001;6.8799773e-001
-3.2138233e-001;8.5041603e-001
5.6439885e-001;9.5206098e-001
1.2120919e-001;1.1152130e+000
1.0925012e+000;3.9328393e-001
2.2732655e+000;2.4700087e+000
-8.2696500e-001;-6.3537491e-001
9.7166168e-002;9.2839531e-001
-4.3899627e-002;-5.0076663e-002
1.5773756e-001;1.5108112e+000
-2.3912632e+000;-3.4240900e+000
1.4229129e-001;2.6926211e+000
-8.0222502e-001;-4.7718836e-001
-2.1043574e+000;-2.1202651e+000
1.4811788e+000;2.4177743e+000
5.5687811e-001;1.8036784e+000
-5.1344346e-001;-3.3912896e-001
-2.5224724e-001;7.1709224e-001
-1.9218570e+000;-1.7449908e+000
-2.6831934e-001;6.0995584e-001
-1.4843242e+000;-3.1727733e+000
1.4139803e+000;2.2457784e+000
-4.1519772e-001;-2.1119217e-001
9.2087604e-001;1.6532932e+000
2.6893370e-001;1.9964740e+000
9.0868654e-001;2.4068609e+000
5.7284989e-001;-8.5073649e-001
1.6832700e+000;2.3517977e+000
1.2939013e-001;-4.8877401e-001
-4.3899627e-002;-5.0076663e-002
5.1086810e-002;7.4516989e-001
9.7219033e-001;1.7322533e-002
-5.4229759e-001;-7.3165917e-001
-1.0539824e+000;1.1307685e+000
-4.3899627e-002;-5.0076663e-002
-1.2972409e-002;6.4799059e-001
1.3285668e+000;1.8883962e+000
2.4358415e+000;2.9942539e+000
-1.1946534e-001;1.7501731e-001
1.0567794e+000;7.3442581e-001
-2.8716138e-001;1.6492664e+000
-1.5648849e+000;-2.7637559e+000
-1.3732690e+000;-2.1999364e-001
-2.5196507e+000;-1.7912274e+000
2.3354368e+000;3.0368578e+000
-4.3899627e-002;-5.0076663e-002
1.1303430e-001;2.4717279e+000
-2.5052177e-001;2.5342755e-001
-8.1626947e-001;-3.0236940e+000
-1.6040286e+000;-2.9945761e-001
8.5820260e-001;1.2425825e+000
1.2650640e+000;2.6194026e+000
-1.3864437e+000;-1.1355012e+000
8.3373755e-001;2.8245316e+000
7.8764309e-001;1.0957790e+000
-1.8429345e-001;1.1738816e-001
-8.1276155e-001;-1.9268747e+000
9.5058685e-001;1.1599857e+000
-7.1134322e-001;-3.4496225e+000
-4.6694013e-002;-1.5740343e+000
-1.8511775e-001;1.2599656e+000
-1.7599513e+000;-4.0427948e+000
4.3976246e-001;-1.0591732e-001
1.9641751e+000;4.0246750e+000
-9.9431280e-001;-3.5897825e+000
-4.3899627e-002;-5.0076663e-002
1.9452495e-001;-3.9608284e-001
-1.1423019e+000;-2.8976560e+000
1.0717110e+000;4.6617255e-001
3.9948252e-001;9.6442320e-001
2.2081848e+000;2.4755623e+000
-1.3040491e-001;1.4055395e+000
-1.5721105e+000;-1.6180527e+000
-3.9911669e-001;-5.8841751e-001
-6.8397310e-001;-1.7312110e+000
1.5146996e-001;2.6193199e-001
-3.3569911e-001;-1.6376521e+000
-2.7788915e-001;2.2267710e-001
1.9997839e+000;1.1649209e+000
2.7545258e+000;1.8601326e+000
-1.3093349e-001;2.5060689e+000
-3.9248507e-001;-2.4546098e-001
7.6857338e-001;4.9421154e-001
1.2230032e+000;2.0935377e-001
-2.5721238e-001;-1.3317550e+000
7.8715634e-001;2.0239770e+000
-3.2847580e-001;2.7143731e-001
-5.5940111e-001;-4.7322817e-001
1.1455275e+000;1.3395813e+000
-9.8927822e-001;-1.7572449e+000
-1.7565634e-001;-1.1017324e+000
-2.2797171e+000;-3.1485830e+000
-9.5506073e-002;1.7605067e+000
1.6948305e+000;2.8467443e+000
-1.8785678e-001;-6.9408781e-001
1.8174665e+000;2.9497350e+000
-9.8286046e-001;-5.5479006e-001
-1.3343109e+000;-8.1459617e-001
4.2861035e-001;1.2404149e+000
-4.3899627e-002;-5.0076663e-002
1.7184586e+000;2.5894720e+000
-4.8294089e-001;7.1331135e-002
1.1713502e+000;-7.8388840e-001
1.0643299e+000;1.0816673e+000
-2.7814810e-001;7.1099266e-001
1.5713763e+000;1.7180923e-001
4.9144079e-001;-6.4093458e-001
1.1614524e-001;-3.0447335e+000
4.4531348e-001;5.2617691e-001
2.5357237e-001;-1.5575536e+000
-5.5368318e-001;-5.7841538e+000
3.2886908e-002;2.6431096e+000
1.2197424e+000;3.1935039e+000
1.3242078e+000;2.8222036e+000
-3.9418492e-001;1.0787516e+000
2.2627663e-001;2.2907910e+000
1.0059330e+000;-1.9395754e+000
8.2869764e-002;-2.0700259e+000
2.5926998e-001;-9.1367015e-001
-8.6855255e-001;5.1822208e-001
2.0260036e+000;-3.3638582e-001
-1.2181168e+000;-2.0602226e+000
5.9067372e-001;1.9154936e+000
-1.2233913e-001;-2.5336616e+000
7.2749758e-001;1.2096116e+000
-2.6478249e-001;8.5529551e-001
1.2765814e-001;1.5321062e+000
-2.7798120e-001;1.4909670e+000
9.2247415e-001;-9.9601456e-001
-1.8047581e+000;-2.1691964e+000
-5.9382133e-001;1.2851889e+000
-1.9622497e-001;-1.8600887e-001
4.2046514e-001;6.9139440e-001
-2.3374869e-001;-1.4240257e+000
-3.8921676e-001;-9.2279597e-001
-1.6694279e+000;-2.7234435e+000
-1.2105455e+000;-3.0602987e+000
1.5669153e+000;1.8750756e+000
-2.2658217e+000;-3.8146175e-001
8.3888973e-001;2.0511649e+000
-4.3899627e-002;-5.0076663e-002
3.0134556e-001;-2.4460705e+000
-2.1741313e-001;7.9130522e-001
7.6395428e-001;-1.2532187e+000
1.2247810e+000;3.0237100e+000
9.6526542e-001;1.7838395e+000
-1.3702385e+000;-2.0366307e+000
-7.4627244e-001;1.7437563e+000
-6.9162547e-001;-1.4381968e+000
-1.2826552e+000;-1.5398153e+000
6.4785343e-001;-2.0958788e+000
2.5536821e-001;6.2975425e-001
1.7331400e+000;4.1334021e+000
4.8027137e-001;9.8984199e-001
8.4504115e-002;7.0527338e-001
-4.0917172e-001;2.5239431e+000
-9.2004701e-001;-1.9700902e+000
-5.5604536e-001;6.3971709e-001
-1.2893825e+000;-1.7632031e+000
1.2425778e-001;-1.0255736e-001
9.2358626e-001;1.8816665e+000
1.4484082e+000;1.4627607e+000
1.3831780e+000;1.6019166e+000
8.2391038e-001;6.9395065e-001
6.1197154e-001;1.2291301e+000
-4.3899627e-002;-5.0076663e-002
-8.0892834e-002;-2.0488337e-001
4.2414958e-001;1.7839809e-001
-5.8588646e-001;9.9510139e-001
5.5474225e-001;7.1220077e-001
2.1115817e-002;-1.4428264e-001
-2.7593405e-001;-4.8860218e-001
-2.8508467e-001;1.3758744e+000
2.9915726e-001;7.0078855e-001
1.6533191e-001;8.3038696e-001
-2.4177874e-001;-1.2508420e+000
-1.7708776e+000;-3.5780121e+000
1.6557916e-002;1.0271187e+000
-3.4937957e-001;-2.8900405e+000
-5.7643764e-001;2.4600824e-001
-4.8295367e-001;-2.8068646e+000
1.0171756e+000;2.2200887e+000
-1.0740439e-001;9.3448702e-001
-1.7052622e+000;-2.5130462e+000
-1.3134980e+000;-1.0766878e-001
-1.3018622e-001;-6.1486954e-001
2.5014554e-001;-1.4178109e+000
-6.7691220e-002;-1.9218198e+000
1.0651739e+000;9.6171654e-001
-7.8586469e-001;-7.4858160e-001
-1.0299850e-001;-1.1943673e+000
-5.3587617e-001;-1.2027938e+000
1.1933526e+000;2.9123028e+000
-2.9161841e-002;-6.5581088e-001
1.6494704e+000;3.3554922e+000
6.2039472e-001;2.3271257e-001
5.9037801e-001;9.2576104e-001
-1.1810331e+000;-5.5636885e-001
-2.9477404e-001;-1.4253171e+000
1.1958480e+000;9.7085156e-001
1.7342429e+000;2.6043760e+000
-1.8967263e-001;1.1487812e+000
3.3417466e-001;1.8654295e+000
-1.1768120e+000;-1.1604386e+000
-1.0155242e+000;-6.1825180e-001
-1.6439847e+000;-1.7392054e+000
-8.2436995e-001;9.2791368e-001
9.5394209e-001;3.6703458e-001
-9.1319126e-001;-6.5390272e-001
2.1023706e+000;3.8544239e+000
-4.3899627e-002;-5.0076663e-002
-4.4475796e-001;-2.5604923e-001
-2.3872867e-002;-1.0603580e+000
3.4541652e-001;1.4790764e+000
-5.0500446e-001;1.1710402e+000
-2.6582236e-002;-1.5257229e+000
-1.1377701e+000;7.7295596e-001
-1.0471436e+000;-1.9545945e+000
-6.3789725e-001;-3.1515939e-001
5.7055618e-001;2.1665793e+000
1.4345432e-001;5.2430306e-001
-2.1485073e+000;-2.3304330e+000
-7.4845829e-001;1.2553959e+000
-2.0155938e+000;-3.9139736e+000
-4.2510363e-001;-3.9323140e-001
1.8988882e-001;7.2562259e-001
-3.1466230e-001;-2.4942432e-001
-6.4968995e-001;-9.9713214e-001
1.1578421e+000;5.3023002e-001
-6.6447566e-001;-3.9003687e-001
1.1965016e+000;2.0874358e+000
-4.9956792e-002;8.2169176e-002
1.7451864e+000;1.9839805e+000
-5.2947742e-001;7.2345920e-002
1.0200743e+000;8.5018293e-001
-5.8830655e-002;9.6259545e-001
-2.2382196e+000;-1.5541554e+000
-1.8348142e+000;-2.5582761e+000
4.8683519e-001;1.4856430e-001
-2.6728891e+000;-2.7588348e+000
9.1538560e-001;-1.6247322e+000
8.2849533e-001;-8.6526048e-002
1.7761968e+000;3.6009689e+000
-9.5903188e-001;4.4437165e-001
1.6179308e+000;4.6857103e-001
-1.1998108e+000;-6.9251098e-002
-5.0671165e-001;-2.1036244e-001
8.5246730e-001;-3.6892324e-001
2.1223882e+000;2.5109414e+000
9.6142956e-001;3.0725879e+000
-8.0485899e-001;-8.2841693e-003
-6.7205873e-001;4.1956007e-001
2.1300324e-001;1.5103154e+000
2.4392994e-001;8.5156919e-001
5.7217079e-001;1.4510590e+000
8.1659161e-002;1.2883699e+000
-9.9562490e-001;-6.5432160e-001
-2.2848571e-001;9.3449102e-001
-6.6831695e-002;1.2510122e+000
1.5850919e+000;6.9403281e-001
-1.2341636e-001;-1.0007115e-001
1.5380203e+000;2.2071822e+000
-4.9532420e-001;-7.7115305e-001
1.3486267e+000;2.2993097e+000
-3.3256218e-001;6.0921141e-001
7.3126753e-001;6.3938643e-001
-8.9415933e-001;-1.5252854e+000
7.0080698e-002;2.2453262e+000
-4.3899627e-002;-5.0076663e-002
-2.1901382e-001;7.4517410e-001
-4.1760948e-001;-8.1960351e-001
-6.8635457e-001;-2.5724300e+000
1.0584968e+000;4.7430024e-001
3.2519976e-001;2.8614723e+000
2.1699194e+000;1.8959481e+000
-5.8718632e-001;6.6851303e-001
-1.1041084e+000;1.0967281e+000
-3.9123165e-001;-7.3497826e-002
5.5647393e-001;1.7526378e-001
7.6041680e-001;6.7237048e-001
-3.3037513e-001;9.9246960e-001
-3.3397587e-001;-2.4433315e+000
5.3808641e-001;1.3481314e+000
1.3037568e-001;2.4881507e+000
6.7466729e-002;9.6759118e-001
-1.0540999e+000;7.6776643e-001
4.5966379e-001;3.2583300e+000
-1.6583222e-002;6.1604374e-001
1.7446109e+000;7.6290510e-001
-4.3899627e-002;-5.0076663e-002
-1.7277710e-001;9.9454757e-002
7.0493039e-001;-1.3236680e-001
2.5434248e-002;1.6805332e+000
-3.2117477e-001;-1.6321887e-001
3.4189623e-001;7.5005689e-001
-1.2656356e+000;1.4579179e+000
-3.2612912e+000;-5.7644372e+000
1.0837510e+000;-6.7070483e-001
1.1237086e+000;-4.0065777e+000
2.3209103e+000;4.0373492e+000
3.8598210e-001;4.1621871e+000
-5.7346165e-001;-3.2740984e+000
3.0307588e-001;-1.8817603e+000
2.2696302e-001;2.6957595e+000
1.1623590e+000;2.6196674e+000
-4.3899627e-002;-5.0076663e-002
-1.4376869e+000;1.5738602e+000
-6.6307516e-001;4.4424401e-001
-1.2528111e+000;8.6639080e-001
-9.2520427e-001;1.0393252e+000
-2.2320500e+000;-3.3945761e+000
1.5321398e-001;1.6763554e+000
-1.5888765e-002;-2.4174620e+000
-8.8865858e-002;-7.9858777e-001
-2.7007502e+000;-3.8983454e+000
1.8164445e+000;1.3113160e+000
8.7069069e-001;2.7437870e+000
-3.8730017e-001;4.9090822e-001
4.9120931e-002;3.2576759e+000
-4.9564047e-001;7.3454164e-001
-5.7450091e-001;1.7625066e+000
4.3004466e-001;2.3669283e+000
-2.4306129e+000;-1.5123249e+000
-5.6426388e-001;2.7165578e+000
-2.1174635e+000;-2.0809806e+000
8.5980496e-001;4.7409064e-001
1.8230974e+000;1.5344584e-004
-1.5165172e+000;1.0520550e-001
-4.8848251e-001;2.6522365e+000
-2.8900343e+000;-3.1123706e+000
-4.3899627e-002;-5.0076663e-002
7.8750746e-001;-7.2806849e-001
-8.1465690e-001;3.7212007e+000
-1.3539657e+000;1.4183228e+000
-2.3544309e+000;-6.3955681e-001
1.7302509e+000;-3.2602616e-001
8.4538300e-001;2.5127783e+000
5.0937950e-002;1.7934967e+000
2.2207317e-001;-6.7029676e-001
1.9265403e+000;3.2654687e+000
-1.9594599e+000;-2.5252856e-001
-3.7953168e+000;-1.2189994e+000
5.7179819e-001;9.6438954e-001
1.5083343e+000;2.9587594e+000
-8.6548831e-001;-1.0455913e-002
1.4044391e-001;-2.8908783e+000
-1.4195416e+000;-4.2193840e+000
3.1673855e+000;-2.7293447e+000
4.7656199e+000;2.8486209e+000
-3.7707905e-001;1.6469811e+000
7.5514728e-001;-4.0499168e+000
2.0602592e+000;2.1313786e+000
-4.1718862e-001;3.1472150e+000
2.2594233e+000;1.4972712e+000
-1.0812969e-001;4.0268693e-001
-8.2868786e-001;-1.4018319e-001
-8.6113542e-001;-2.5964616e+000
7.0864904e-001;-4.0431968e+000
-3.9364363e-001;-4.1545532e+000
-5.7654217e-001;2.4955943e+000
2.6659124e+000;-7.9926250e+000
-5.5393411e-001;-1.8366724e+000
-1.2234386e+000;4.3873727e-001
6.8167075e-001;2.2812501e+000
-6.9005642e-002;4.0563023e+000
6.2952534e-001;-6.0335744e+000
8.5066548e-001;-3.2599203e+000
-1.4891192e+000;-7.3696524e+000
-1.8724501e+000;-2.5440251e+000
-5.8656073e+000;-1.0218487e+001
2.6059710e+000;6.3035383e+000
1.6883274e+000;6.8917351e+000
-9.0630924e-001;-2.3744542e+000
1.5276734e+000;-1.7515472e+000
5.2667270e-001;-4.5805131e+000
1.9417386e+000;6.3117908e+000
-1.6689232e+000;-2.2606683e+000
-5.6969594e-001;3.8385188e+000
-1.4701557e+000;2.2193991e+000
6.7893950e-001;2.4420139e+000
-7.9273453e-001;-4.5095056e+000
-2.4105844e+000;-2.1358991e+000
-6.9140326e-001;2.9808695e-001
1.5318094e+000;2.5128666e+000
1.9942615e-001;-3.9895671e+000
-6.7662452e-001;-2.3762214e+000
-1.6605222e+000;-5.7987891e+000
1.6601880e+000;3.2868055e+000
5.5547802e-001;7.8878186e-001
1.8089676e+000;2.1524278e+000
1.1224089e+000;2.9512872e+000
-1.5627977e+000;-2.0225604e+000
2.6086852e-002;-3.0083904e+000
-1.4495394e+000;-4.3315112e+000
-8.4033642e-001;-8.2555093e-001
-1.1913583e+000;-6.1683067e+000
1.0352410e+000;3.2464880e+000
-2.0711733e+000;-2.0655990e+000
-2.8324231e-001;-5.7564426e-002
2.1446632e+000;7.5871111e+000
-8.9506498e-002;-1.7576013e+000
1.1827782e+000;5.1517071e+000
1.2855391e+000;6.1954288e+000
1.4619708e-001;1.6943479e-001
-7.8382673e-001;-1.7758751e+000
6.7346430e-001;2.1325808e+000
-1.3859067e+000;-4.0755445e-001
-5.5755546e-001;1.2298743e+000
-5.1466605e-001;-2.8484667e+000
5.0013895e-001;2.1327197e+000
5.7656836e-001;-1.4529946e+000
2.0718950e-001;1.2146020e+000
-2.5531836e+000;3.3454419e-001
9.8947251e-001;3.2435606e+000
-1.2126835e+000;5.3794056e-001
5.5401262e-001;1.2040609e+000
-1.2091980e+000;-3.2292566e+000
2.3164243e-001;-2.4017112e+000
1.2759755e+000;1.6716634e+000
-4.1002515e-001;-1.4182476e+000
1.7795024e-001;2.0368530e+000
-1.2840097e+000;-1.6646799e+000
4.3437210e-001;2.2164018e+000
1.0297683e+000;5.9882911e-001
-7.7635881e-001;-3.3305620e+000
-6.4219139e-002;2.4417218e+000
1.4194660e+000;1.5188885e+000
5.5712458e-002;-1.1223692e+000
7.1039297e-001;-6.5158716e-001
4.8206627e-001;3.5046626e+000
1.9921980e-003;1.7693089e+000
1.7867801e-001;1.6438164e+000
-1.2235633e-001;6.1863846e-001
-6.4127824e-001;-2.3573689e+000
-4.5293173e-001;-3.0028711e+000
1.3283628e+000;3.0794755e+000
-1.0663658e+000;-2.2269930e+000
-4.9621585e-001;-2.8456951e+000
9.4982205e-002;1.1482690e+000
-1.7736383e+000;-1.0940798e+000
6.1621069e-001;-3.7667478e+000
-7.5451488e-001;-4.8271210e+000
5.8890502e-002;2.7493024e+000
7.6040478e-001;-2.2365412e+000
7.1291984e-001;-7.8701011e-001
1.3418682e-001;2.6843982e+000
5.2580537e-001;6.7813978e-001
8.7370423e-001;1.9271522e+000
9.6215631e-001;-4.2458077e-001
-6.9336413e-001;7.8460562e-002
-1.7036871e-002;-2.5066295e+000
1.0414225e+000;7.3091032e-001
1.2922795e+000;1.5265691e+000
-1.0252438e+000;1.0831993e-003
-5.7489942e-001;1.9730252e-001
3.8439994e-001;1.9922728e+000
-1.2678761e-001;-3.1763416e-001
2.5737117e-001;5.2860267e-001
4.9024005e-001;7.7840678e-002
5.4635886e-003;1.2750410e+000
2.9729598e-001;9.9825833e-001
4.4501152e-002;-3.1193581e-001
4.9260190e-001;6.3793471e-001
-3.7984529e-001;2.3399910e-001
-1.0483838e+000;4.7863341e-001
9.6058456e-001;2.4178711e+000
1.6702168e-001;6.1290552e-001
1.5015014e-001;-2.2262268e+000
3.9940840e-001;-3.2340563e+000
-4.9377945e-001;2.0459875e+000
-3.9282429e-001;-3.0202978e+000
-2.6838083e-001;-2.1342791e+000
2.9263349e-001;-1.2595117e+000
-4.9939063e-001;1.0962024e+000
-8.9447942e-001;4.6146747e-001
-1.5017848e+000;-2.0795459e+000
-1.1341075e+000;-2.9255351e+000
-2.2197328e-001;3.6151668e+000
-9.8788400e-001;7.6919038e-001
6.7953063e-001;-1.8250973e+000
7.1352237e-001;-7.0804359e-001
-4.0611714e-001;-1.7079056e+000
-1.6935114e+000;-1.4530002e+000
-7.1745766e-002;-9.4315854e-001
1.7806538e+000;3.2326993e+000
-1.6564157e+000;-2.8820474e+000
4.1706213e-001;-2.9203101e+000
1.3920144e-001;-3.2695532e+000
5.5821657e-001;1.8777857e+000
-5.9770543e-001;-1.5082452e+000
-1.2481469e+000;-3.3018841e+000
-3.0952737e-001;-2.1236191e-001
-4.6138807e-001;-3.5379456e+000
-1.1004478e+000;-2.2985616e+000
-3.7532758e+000;-3.0555070e+000
1.5144635e+000;7.5289820e+000
4.1246694e-001;-8.5195169e-001
-1.5107329e+000;-2.3969612e+000
-1.1871121e+000;-1.3781008e+000
1.6258877e+000;7.4506764e+000
7.7703542e-001;1.8202309e+000
3.9643007e-001;-4.6579514e-001
1.1305754e+000;-1.4698622e+000
-6.8667642e-001;-5.7730911e+000
4.7419721e-001;1.2606661e+000
1.9637269e+000;1.3861013e-001
2.2444998e+000;-2.7384372e+000
1.1976494e+000;5.3842487e+000
-6.9930207e-001;-1.1313909e+000
-2.1800451e-001;2.7783935e+000
-6.2053201e-001;6.0568245e-001
1.4175518e+000;-1.0801114e+000
-2.7217785e-001;-6.2371745e-002
-4.5672335e-001;-5.5901251e+000
-7.1368698e-001;-1.0248902e+000
-2.2019144e+000;-5.5531715e+000
-8.5544943e-001;-2.1273032e+000
1.5016317e+000;5.5713961e+000
2.0426939e-001;8.1354026e-001
-5.2668369e-001;-4.3625739e+000
-2.8969626e-001;-2.0488593e-001
-1.6295186e+000;-5.1860305e+000
2.6005415e-001;-1.9588961e-001
-9.5498873e-001;-4.1777048e+000
6.3565765e-001;5.2178329e+000
6.7782902e-001;-8.7602905e-001
-4.0953735e-001;-5.2337062e+000
1.1060566e+000;-1.0809738e+000
-2.0837354e+000;-4.1600944e+000
-4.3787686e-001;1.7564959e+000
1.7465907e+000;-1.1730603e+000
3.1043119e+000;9.9135666e+000
-2.2175131e+000;-3.3319427e+000
-4.8578151e-001;-1.6301685e+000
8.5201626e-001;5.7634608e+000
7.6350160e-002;3.2429139e+000
3.5127965e-001;-2.8527428e+000
1.9883436e-001;-3.8388430e+000
-1.1566561e+000;-3.4463766e+000
-2.3180911e+000;-2.8463598e+000
1.9529049e+000;-1.1395586e+000
-6.1903644e-001;-4.4434993e+000
-2.5837308e+000;-7.4403873e+000
1.5744979e+000;2.6407541e-001
1.3600060e+000;7.2372685e+000
4.8948498e-001;-9.8810619e-001
9.8627380e-001;1.7712009e+000
5.6149390e-001;6.7229661e-001
-7.8981371e-001;-3.5203987e+000
-1.3674150e+000;-7.5565706e+000
2.7313932e+000;1.3204568e+001
-3.4895756e-001;-1.9739252e+000
-2.3652714e+000;-6.4521273e+000
-4.2598262e-001;-5.3846440e-001
-5.0441030e-001;1.8262627e+000
2.5567343e-001;3.2884807e+000
5.8792446e-003;4.4577779e+000
-8.4040517e-001;-5.8434082e-001
1.1581147e+000;-3.5321986e-001
-6.8730722e-001;2.3732074e+000
8.3972253e-001;3.0947708e+000
-8.9682076e-001;1.8168306e-002
-1.3224958e-001;-5.0121150e-001
6.3039944e-001;2.8967454e+000
-7.0570326e-002;6.0822445e-001
7.2844803e-001;-3.7869079e+000
-6.9412750e-001;9.2616122e-001
3.5128546e-001;1.9800163e+000
1.6149140e+000;-4.9724345e-002
1.2695758e-002;-2.3891270e+000
8.3645030e-001;3.1208605e-001
-1.1381203e+000;-4.5440713e+000
8.8831265e-001;-7.0207541e-001
-1.2080422e-001;7.5178154e-001
-1.4159806e-001;-2.1998813e+000
-6.5020727e-001;-1.8203768e+000
-9.5887231e-001;-3.6701603e+000
1.4778375e+000;7.0346022e-001
-4.4161018e-001;-2.5694376e+000
-1.0385282e+000;2.5391490e+000
8.3785564e-001;2.3888317e+000
-8.8481254e-001;-5.1746438e+000
-6.8428973e-001;-4.5633254e+000
-1.9661076e+000;-2.2043730e+000
-4.1714706e-002;-1.1125825e+000
-8.5377743e-001;7.2863462e-001
1.8592683e+000;1.9622380e+000
-9.7002604e-002;-4.5093126e+000
-1.3840572e+000;-2.6187727e+000
-4.7492531e-001;1.4050145e+000
1.1071555e-001;-3.1072783e+000
8.6905341e-001;1.1371080e+000
2.2953021e-001;2.7798820e+000
1.2541925e+000;8.3016658e-001
1.1479886e+000;-2.5630428e+000
-2.0309556e+000;-5.5447537e+000
-4.2297380e+000;-6.5611684e+000
7.6150790e-001;4.5925187e+000
-3.1761724e+000;-2.1916881e+000
5.3416498e-001;-1.6540775e+000
-2.1378895e+000;-2.6496457e+000
1.3280401e+000;3.0875356e+000
-2.4662902e+000;-4.9735889e+000
-2.4780361e+000;-1.5258320e+000
